year,month,day,home_team,away_team,stage,result,shootouts,home_score,home_is_host,home_goals_scored_last_4y,home_goals_received_last_4y,home_wins_last_4y,home_losses_last_4y,home_draws_last_4y,home_wc_titles_before,home_total_market_value_eur,home_avg_age,home_wc_participations_before,home_groups_passed_before,home_round16_before,home_quarterfinals_before,home_semifinals_before,home_finals_before,away_score,away_is_host,away_goals_scored_last_4y,away_goals_received_last_4y,away_wins_last_4y,away_losses_last_4y,away_draws_last_4y,away_wc_titles_before,away_total_market_value_eur,away_avg_age,away_wc_participations_before,away_groups_passed_before,away_round16_before,away_quarterfinals_before,away_semifinals_before,away_finals_before,elo_home,elo_away
2006,6,9,Germany,Costa Rica,0,0.0,0,4.0,1,107,66,26,12,14,3,776500000.0,27.7,15,15,7,13,10,7,2.0,0,89,84,26,25,11,0,18400000.0,24.7,2,1,1,0,0,0,1500.0,1500.0
2006,6,9,Poland,Ecuador,0,1.0,0,0.0,0,102,54,32,14,7,0,214500000.0,27.6,6,5,2,2,2,0,2.0,0,59,73,17,22,12,0,387830000.0,25.7,1,0,0,0,0,0,1500.0,1500.0
2006,6,10,Argentina,Ivory Coast,0,0.0,0,2.0,0,97,55,31,10,10,2,777200000.0,27.8,13,10,5,6,4,4,1.0,0,67,34,21,8,8,0,410900000.0,25.8,0,0,0,0,0,0,1500.0,1500.0
2006,6,10,England,Paraguay,0,0.0,0,1.0,0,83,42,27,7,8,1,1620000000.0,27.2,11,9,4,7,2,1,0.0,0,53,49,18,12,17,0,141850000.0,29.1,6,3,3,0,0,0,1500.0,1500.0
2006,6,10,Trinidad and Tobago,Sweden,0,2.0,0,0.0,0,99,95,32,30,11,0,10100000.0,24.6,0,0,0,0,0,0,0.0,0,103,52,22,12,18,0,363780000.0,26.3,10,7,3,4,3,1,1500.0,1500.0
2006,6,11,Angola,Portugal,0,1.0,0,0.0,0,61,49,19,13,14,0,52700000.0,29.2,0,0,0,0,0,0,1.0,0,104,35,29,6,12,0,864500000.0,27.0,3,1,0,1,1,0,1500.0,1500.0
2006,6,11,Mexico,Iran,0,0.0,0,3.0,0,126,54,37,15,15,0,165800000.0,27.8,12,5,4,2,0,0,1.0,0,113,44,32,8,10,0,38880000.0,29.2,2,0,0,0,0,0,1500.0,1500.0
2006,6,11,Serbia,Netherlands,0,1.0,0,0.0,0,46,42,13,13,12,0,294500000.0,26.9,9,7,2,5,2,0,1.0,0,88,30,28,7,12,0,766000000.0,27.0,7,7,5,4,3,2,1500.0,1500.0
2006,6,12,Australia,Japan,0,0.0,0,3.0,0,101,34,23,8,5,0,48030000.0,27.1,1,0,0,0,0,0,1.0,0,111,63,36,17,15,0,262200000.0,26.3,2,1,1,0,0,0,1500.0,1500.0
2006,6,12,Italy,Ghana,0,0.0,0,2.0,0,71,33,25,5,15,3,838500000.0,26.5,15,10,7,8,7,5,0.0,0,58,39,15,13,12,0,191280000.0,26.6,0,0,0,0,0,0,1500.0,1482.0
2006,6,12,United States,Czech Republic,0,1.0,0,0.0,0,108,38,38,10,13,0,350700000.0,26.3,7,4,3,2,1,0,3.0,0,113,37,33,7,5,0,172800000.0,28.0,0,0,0,0,0,0,1517.5,1500.0
2006,6,13,Brazil,Croatia,0,0.0,0,1.0,0,117,47,30,9,17,5,858500000.0,27.1,17,15,7,11,9,6,0.0,0,72,45,22,10,14,0,282300000.0,28.2,2,1,1,1,1,0,1500.0,1500.0
2006,6,13,France,Switzerland,0,2.0,0,0.0,0,100,23,33,3,13,1,1350000000.0,26.8,11,6,4,5,4,1,0.0,0,64,46,17,9,13,0,322100000.0,27.9,7,4,3,3,0,0,1500.0,1500.0
2006,6,13,South Korea,Togo,0,0.0,0,2.0,0,103,45,30,17,17,0,139750000.0,27.9,6,1,1,1,1,0,1.0,0,44,37,17,12,5,0,29750000.0,25.4,0,0,0,0,0,0,1500.0,1500.0
2006,6,14,Germany,Poland,0,0.0,0,1.0,1,107,66,26,12,14,3,776500000.0,27.7,15,15,7,13,10,7,0.0,0,102,54,32,14,7,0,214500000.0,27.6,6,5,2,2,2,0,1517.5,1482.0
2006,6,14,Spain,Ukraine,0,0.0,0,4.0,0,88,23,29,2,14,0,1310000000.0,26.6,11,7,5,4,0,0,0.0,0,46,30,15,9,16,0,266700000.0,26.6,0,0,0,0,0,0,1517.5,1482.0
2006,6,14,Tunisia,Saudi Arabia,0,2.0,0,2.0,0,76,44,26,9,14,0,50600000.0,25.6,3,0,0,0,0,0,2.0,0,109,59,31,16,18,0,30350000.0,27.2,3,1,1,0,0,0,1503.75,1496.0
2006,6,15,Ecuador,Costa Rica,0,0.0,0,3.0,0,59,73,17,22,12,0,387830000.0,25.7,1,0,0,0,0,0,0.0,0,89,84,26,25,11,0,18400000.0,24.7,2,1,1,0,0,0,1534.41,1481.9
2006,6,15,England,Trinidad and Tobago,0,0.0,0,2.0,0,83,42,27,7,8,1,1620000000.0,27.2,11,9,4,7,2,1,0.0,0,99,95,32,30,11,0,10100000.0,24.6,0,0,0,0,0,0,1483.0,1500.0
2006,6,15,Sweden,Paraguay,0,0.0,0,1.0,0,103,52,22,12,18,0,363780000.0,26.3,10,7,3,4,3,1,0.0,0,53,49,18,12,17,0,141850000.0,29.1,6,3,3,0,0,0,1533.81,1498.81
2006,6,16,Argentina,Serbia,0,0.0,0,6.0,0,97,55,31,10,10,2,777200000.0,27.8,13,10,5,6,4,4,0.0,0,46,42,13,13,12,0,294500000.0,26.9,9,7,2,5,2,0,1466.0,1501.0
2006,6,16,Mexico,Angola,0,2.0,0,0.0,0,126,54,37,15,15,0,165800000.0,27.8,12,5,4,2,0,0,0.0,0,61,49,19,13,14,0,52700000.0,29.2,0,0,0,0,0,0,1550.14,1517.0
2006,6,16,Netherlands,Ivory Coast,0,0.0,0,2.0,0,88,30,28,7,12,0,766000000.0,27.0,7,7,5,4,3,2,1.0,0,67,34,21,8,8,0,410900000.0,25.8,0,0,0,0,0,0,1550.15,1517.0
2006,6,17,Czech Republic,Ghana,0,1.0,0,0.0,0,113,37,33,7,5,0,172800000.0,28.0,0,0,0,0,0,0,2.0,0,58,39,15,13,12,0,191280000.0,26.6,0,0,0,0,0,0,1501.0,1501.0
2006,6,17,Italy,United States,0,2.0,0,1.0,0,71,33,25,5,15,3,838500000.0,26.5,15,10,7,8,7,5,1.0,0,108,38,38,10,13,0,350700000.0,26.3,7,4,3,2,1,0,1503.75,1500.0
2006,6,17,Portugal,Iran,0,0.0,0,2.0,0,104,35,29,6,12,0,864500000.0,27.0,3,1,0,1,1,0,0.0,0,113,44,32,8,10,0,38880000.0,29.2,2,0,0,0,0,0,1566.54,1566.53
2006,6,18,Brazil,Australia,0,0.0,0,2.0,0,117,47,30,9,17,5,858500000.0,27.1,17,15,7,11,9,6,0.0,0,101,34,23,8,5,0,48030000.0,27.1,1,0,0,0,0,0,1500.0,1500.0
2006,6,18,France,South Korea,0,2.0,0,1.0,0,100,23,33,3,13,1,1350000000.0,26.8,11,6,4,5,4,1,1.0,0,103,45,30,17,17,0,139750000.0,27.9,6,1,1,1,1,0,1500.0,1500.0
2006,6,18,Japan,Croatia,0,2.0,0,0.0,0,111,63,36,17,15,0,262200000.0,26.3,2,1,1,0,0,0,0.0,0,72,45,22,10,14,0,282300000.0,28.2,2,1,1,1,1,0,1488.0,1512.5
2006,6,19,Saudi Arabia,Ukraine,0,1.0,0,0.0,0,109,59,31,16,18,0,30350000.0,27.2,3,1,1,0,0,0,4.0,0,46,30,15,9,16,0,266700000.0,26.6,0,0,0,0,0,0,1500.0,1500.0
2006,6,19,Spain,Tunisia,0,0.0,0,3.0,0,88,23,29,2,14,0,1310000000.0,26.6,11,7,5,4,0,0,1.0,0,76,44,26,9,14,0,50600000.0,25.6,3,0,0,0,0,0,1503.75,1496.0
2006,6,19,Togo,Switzerland,0,1.0,0,0.0,0,44,37,17,12,5,0,29750000.0,25.4,0,0,0,0,0,0,2.0,0,64,46,17,9,13,0,322100000.0,27.9,7,4,3,3,0,0,1500.0,1500.0
2006,6,20,Costa Rica,Poland,0,1.0,0,1.0,0,89,84,26,25,11,0,18400000.0,24.7,2,1,1,0,0,0,2.0,0,102,54,32,14,7,0,214500000.0,27.6,6,5,2,2,2,0,1500.0,1500.0
2006,6,20,Germany,Ecuador,0,0.0,0,3.0,1,107,66,26,12,14,3,776500000.0,27.7,15,15,7,13,10,7,0.0,0,59,73,17,22,12,0,387830000.0,25.7,1,0,0,0,0,0,1500.0,1500.0
2006,6,20,Paraguay,Trinidad and Tobago,0,0.0,0,2.0,0,53,49,18,12,17,0,141850000.0,29.1,6,3,3,0,0,0,0.0,0,99,95,32,30,11,0,10100000.0,24.6,0,0,0,0,0,0,1500.0,1500.0
2006,6,20,Sweden,England,0,2.0,0,2.0,0,103,52,22,12,18,0,363780000.0,26.3,10,7,3,4,3,1,2.0,0,83,42,27,7,8,1,1620000000.0,27.2,11,9,4,7,2,1,1503.75,1500.0
2006,6,21,Iran,Angola,0,2.0,0,1.0,0,113,44,32,8,10,0,38880000.0,29.2,2,0,0,0,0,0,1.0,0,61,49,19,13,14,0,52700000.0,29.2,0,0,0,0,0,0,1503.75,1500.0
2006,6,21,Ivory Coast,Serbia,0,0.0,0,3.0,0,67,34,21,8,8,0,410900000.0,25.8,0,0,0,0,0,0,2.0,0,46,42,13,13,12,0,294500000.0,26.9,9,7,2,5,2,0,1513.0,1491.16
2006,6,21,Netherlands,Argentina,0,2.0,0,0.0,0,88,30,28,7,12,0,766000000.0,27.0,7,7,5,4,3,2,0.0,0,97,55,31,10,10,2,777200000.0,27.8,13,10,5,6,4,4,1507.47,1500.0
2006,6,21,Portugal,Mexico,0,0.0,0,2.0,0,104,35,29,6,12,0,864500000.0,27.0,3,1,0,1,1,0,1.0,0,126,54,37,15,15,0,165800000.0,27.8,12,5,4,2,0,0,1500.0,1500.0
2006,6,22,Croatia,Australia,0,2.0,0,2.0,0,72,45,22,10,14,0,282300000.0,28.2,2,1,1,1,1,0,2.0,0,101,34,23,8,5,0,48030000.0,27.1,1,0,0,0,0,0,1496.0,1500.0
2006,6,22,Czech Republic,Italy,0,1.0,0,0.0,0,113,37,33,7,5,0,172800000.0,28.0,0,0,0,0,0,0,2.0,0,71,33,25,5,15,3,838500000.0,26.5,15,10,7,8,7,5,1500.0,1500.0
2006,6,22,Ghana,United States,0,0.0,0,2.0,0,58,39,15,13,12,0,191280000.0,26.6,0,0,0,0,0,0,1.0,0,108,38,38,10,13,0,350700000.0,26.3,7,4,3,2,1,0,1507.47,1496.0
2006,6,22,Japan,Brazil,0,1.0,0,1.0,0,111,63,36,17,15,0,262200000.0,26.3,2,1,1,0,0,0,4.0,0,117,47,30,9,17,5,858500000.0,27.1,17,15,7,11,9,6,1499.78,1496.0
2006,6,23,Saudi Arabia,Spain,0,1.0,0,0.0,0,109,59,31,16,18,0,30350000.0,27.2,3,1,1,0,0,0,1.0,0,88,23,29,2,14,0,1310000000.0,26.6,11,7,5,4,0,0,1512.5,1496.0
2006,6,23,Switzerland,South Korea,0,0.0,0,2.0,0,64,46,17,9,13,0,322100000.0,27.9,7,4,3,3,0,0,0.0,0,103,45,30,17,17,0,139750000.0,27.9,6,1,1,1,1,0,1500.0,1500.0
2006,6,23,Togo,France,0,1.0,0,0.0,0,44,37,17,12,5,0,29750000.0,25.4,0,0,0,0,0,0,2.0,0,100,23,33,3,13,1,1350000000.0,26.8,11,6,4,5,4,1,1516.13,1500.0
2006,6,23,Ukraine,Tunisia,0,0.0,0,1.0,0,46,30,15,9,16,0,266700000.0,26.6,0,0,0,0,0,0,0.0,0,76,44,26,9,14,0,50600000.0,25.6,3,0,0,0,0,0,1496.25,1504.0
2006,6,24,Argentina,Mexico,1,0.0,0,2.0,0,97,55,31,10,10,2,777200000.0,27.8,13,10,5,6,4,4,1.0,0,126,54,37,15,15,0,165800000.0,27.8,12,5,4,2,0,0,1500.0,1500.0
2006,6,24,Germany,Sweden,1,0.0,0,2.0,1,107,66,26,12,14,3,776500000.0,27.7,15,15,7,13,10,7,0.0,0,103,52,22,12,18,0,363780000.0,26.3,10,7,3,4,3,1,1488.0,1512.26
2006,6,25,England,Ecuador,1,0.0,0,1.0,0,83,42,27,7,8,1,1620000000.0,27.2,11,9,4,7,2,1,0.0,0,59,73,17,22,12,0,387830000.0,25.7,1,0,0,0,0,0,1500.0,1492.0
2006,6,25,Portugal,Netherlands,1,0.0,0,1.0,0,104,35,29,6,12,0,864500000.0,27.0,3,1,0,1,1,0,0.0,0,88,30,28,7,12,0,766000000.0,27.0,7,7,5,4,3,2,1503.69,1503.75
2006,6,26,Italy,Australia,1,0.0,0,1.0,0,71,33,25,5,15,3,838500000.0,26.5,15,10,7,8,7,5,0.0,0,101,34,23,8,5,0,48030000.0,27.1,1,0,0,0,0,0,1488.0,1512.5
2006,6,26,Switzerland,Ukraine,1,1.0,1,0.0,0,64,46,17,9,13,0,322100000.0,27.9,7,4,3,3,0,0,0.0,0,46,30,15,9,16,0,266700000.0,26.6,0,0,0,0,0,0,1524.98,1504.0
2006,6,27,Brazil,Ghana,1,0.0,0,3.0,0,117,47,30,9,17,5,858500000.0,27.1,17,15,7,11,9,6,0.0,0,58,39,15,13,12,0,191280000.0,26.6,0,0,0,0,0,0,1512.0,1487.5
2006,6,27,Spain,France,1,1.0,0,1.0,0,88,23,29,2,14,0,1310000000.0,26.6,11,7,5,4,0,0,3.0,0,100,23,33,3,13,1,1350000000.0,26.8,11,6,4,5,4,1,1500.0,1500.0
2006,6,30,Germany,Argentina,1,0.0,1,1.0,1,107,66,26,12,14,3,776500000.0,27.7,15,15,7,13,10,7,1.0,0,97,55,31,10,10,2,777200000.0,27.8,13,10,5,6,4,4,1500.0,1500.0
2006,6,30,Italy,Ukraine,1,0.0,0,3.0,0,71,33,25,5,15,3,838500000.0,26.5,15,10,7,8,7,5,0.0,0,46,30,15,9,16,0,266700000.0,26.6,0,0,0,0,0,0,1512.5,1488.0
2006,7,1,Brazil,France,1,1.0,0,0.0,0,117,47,30,9,17,5,858500000.0,27.1,17,15,7,11,9,6,1.0,0,100,23,33,3,13,1,1350000000.0,26.8,11,6,4,5,4,1,1500.0,1511.14
2006,7,1,England,Portugal,1,1.0,1,0.0,0,83,42,27,7,8,1,1620000000.0,27.2,11,9,4,7,2,1,0.0,0,104,35,29,6,12,0,864500000.0,27.0,3,1,0,1,1,0,1500.0,1500.0
2006,7,4,Germany,Italy,1,1.0,0,0.0,1,107,66,26,12,14,3,776500000.0,27.7,15,15,7,13,10,7,2.0,0,71,33,25,5,15,3,838500000.0,26.5,15,10,7,8,7,5,1503.69,1500.0
2006,7,5,Portugal,France,1,1.0,0,0.0,0,104,35,29,6,12,0,864500000.0,27.0,3,1,0,1,1,0,1.0,0,100,23,33,3,13,1,1350000000.0,26.8,11,6,4,5,4,1,1504.0,1500.0
2006,7,8,Germany,Portugal,1,0.0,0,3.0,1,107,66,26,12,14,3,776500000.0,27.7,15,15,7,13,10,7,1.0,0,104,35,29,6,12,0,864500000.0,27.0,3,1,0,1,1,0,1500.0,1500.0
2006,7,9,Italy,France,1,0.0,1,1.0,0,71,33,25,5,15,3,838500000.0,26.5,15,10,7,8,7,5,1.0,0,100,23,33,3,13,1,1350000000.0,26.8,11,6,4,5,4,1,1500.0,1500.0
2010,6,11,South Africa,Mexico,0,2.0,0,1.0,1,80,54,31,22,17,0,46350000.0,26.3,2,0,0,0,0,0,1.0,0,133,67,42,19,10,0,142100000.0,25.7,13,6,5,2,0,0,1500.0,1500.0
2010,6,11,Uruguay,France,0,2.0,0,0.0,0,71,47,19,11,13,2,419200000.0,26.6,10,7,2,4,3,1,0.0,0,67,37,26,11,11,1,1290000000.0,26.8,12,7,5,6,5,2,1500.0,1500.0
2010,6,12,Argentina,Nigeria,0,0.0,0,1.0,0,84,50,29,12,8,2,575000000.0,27.9,14,11,6,7,4,4,0.0,0,58,29,24,8,12,0,281780000.0,27.5,3,2,2,0,0,0,1500.0,1500.0
2010,6,12,England,United States,0,2.0,0,1.0,0,93,32,27,9,6,1,1300000000.0,26.8,12,10,5,8,2,1,1.0,0,112,74,36,19,6,0,169700000.0,26.0,8,4,3,2,1,0,1500.0,1500.0
2010,6,12,South Korea,Greece,0,0.0,0,2.0,0,81,43,26,11,18,0,118800000.0,27.6,7,1,1,1,1,0,0.0,0,63,49,21,14,8,0,254700000.0,26.4,1,0,0,0,0,0,1500.0,1500.0
2010,6,13,Algeria,Slovenia,0,1.0,0,0.0,0,43,46,18,14,7,0,229300000.0,26.5,2,0,0,0,0,0,1.0,0,47,40,14,16,6,0,150600000.0,27.7,1,0,0,0,0,0,1500.0,1500.0
2010,6,13,Germany,Australia,0,0.0,0,4.0,0,119,36,34,7,8,3,828000000.0,26.7,16,16,8,14,11,7,0.0,0,59,33,23,10,12,0,32850000.0,27.6,2,1,1,0,0,0,1500.0,1500.0
2010,6,13,Serbia,Ghana,0,1.0,0,0.0,0,77,41,23,11,11,0,266700000.0,26.7,10,7,2,5,2,0,1.0,0,73,52,26,15,9,0,164930000.0,25.1,1,1,1,0,0,0,1500.0,1500.0
2010,6,14,Italy,Paraguay,0,2.0,0,1.0,0,69,45,24,9,14,4,827000000.0,27.3,16,11,8,9,8,6,1.0,0,52,54,17,18,14,0,123950000.0,28.4,7,3,3,0,0,0,1500.0,1500.0
2010,6,14,Japan,Cameroon,0,0.0,0,1.0,0,117,53,36,13,17,0,223500000.0,26.5,3,1,1,0,0,0,0.0,0,76,45,22,11,10,0,256030000.0,25.6,5,1,1,1,0,0,1500.0,1500.0
2010,6,14,Netherlands,Denmark,0,0.0,0,2.0,0,95,31,33,5,10,0,808000000.0,26.7,8,8,6,4,3,2,0.0,0,61,40,19,12,11,0,381600000.0,27.2,3,3,3,1,0,0,1500.0,1500.0
2010,6,15,Brazil,North Korea,0,0.0,0,2.0,0,114,37,38,5,11,5,932000000.0,27.8,18,16,8,12,9,6,1.0,0,89,44,21,15,19,0,6900000.0,25.3,1,1,0,1,0,0,1500.0,1500.0
2010,6,15,Ivory Coast,Portugal,0,2.0,0,0.0,0,96,41,26,9,13,0,370800000.0,26.6,1,0,0,0,0,0,0.0,0,80,38,25,8,13,0,841000000.0,27.1,4,2,1,2,2,0,1500.0,1500.0
2010,6,15,New Zealand,Slovakia,0,2.0,0,1.0,0,28,40,8,11,4,0,16430000.0,27.8,1,0,0,0,0,0,1.0,0,82,64,18,19,6,0,130050000.0,28.6,0,0,0,0,0,0,1500.0,1500.0
2010,6,16,Honduras,Chile,0,1.0,0,0.0,0,110,63,37,19,8,0,15500000.0,28.1,1,0,0,0,0,0,1.0,0,79,65,31,17,11,0,80300000.0,25.3,7,2,1,1,1,0,1500.0,1500.0
2010,6,16,South Africa,Uruguay,0,1.0,0,0.0,1,80,54,31,22,17,0,46350000.0,26.3,2,0,0,0,0,0,3.0,0,71,47,19,11,13,2,419200000.0,26.6,10,7,2,4,3,1,1500.0,1500.0
2010,6,16,Spain,Switzerland,0,1.0,0,0.0,0,121,31,46,4,4,0,1150000000.0,27.2,12,8,6,4,0,0,1.0,0,58,45,18,15,7,0,251000000.0,27.5,8,5,4,3,0,0,1500.0,1500.0
2010,6,17,Argentina,South Korea,0,0.0,0,4.0,0,84,50,29,12,8,2,575000000.0,27.9,14,11,6,7,4,4,1.0,0,81,43,26,11,18,0,118800000.0,27.6,7,1,1,1,1,0,1500.0,1500.0
2010,6,17,France,Mexico,0,1.0,0,0.0,0,67,37,26,11,11,1,1290000000.0,26.8,12,7,5,6,5,2,2.0,0,133,67,42,19,10,0,142100000.0,25.7,13,6,5,2,0,0,1500.0,1500.0
2010,6,17,Greece,Nigeria,0,0.0,0,2.0,0,63,49,21,14,8,0,254700000.0,26.4,1,0,0,0,0,0,1.0,0,58,29,24,8,12,0,281780000.0,27.5,3,2,2,0,0,0,1500.0,1500.0
2010,6,18,England,Algeria,0,2.0,0,0.0,0,93,32,27,9,6,1,1300000000.0,26.8,12,10,5,8,2,1,0.0,0,43,46,18,14,7,0,229300000.0,26.5,2,0,0,0,0,0,1500.0,1500.0
2010,6,18,Germany,Serbia,0,1.0,0,0.0,0,119,36,34,7,8,3,828000000.0,26.7,16,16,8,14,11,7,1.0,0,77,41,23,11,11,0,266700000.0,26.7,10,7,2,5,2,0,1500.0,1500.0
2010,6,18,Slovenia,United States,0,2.0,0,2.0,0,47,40,14,16,6,0,150600000.0,27.7,1,0,0,0,0,0,2.0,0,112,74,36,19,6,0,169700000.0,26.0,8,4,3,2,1,0,1500.0,1500.0
2010,6,19,Cameroon,Denmark,0,1.0,0,1.0,0,76,45,22,11,10,0,256030000.0,25.6,5,1,1,1,0,0,2.0,0,61,40,19,12,11,0,381600000.0,27.2,3,3,3,1,0,0,1500.0,1500.0
2010,6,19,Ghana,Australia,0,2.0,0,1.0,0,73,52,26,15,9,0,164930000.0,25.1,1,1,1,0,0,0,1.0,0,59,33,23,10,12,0,32850000.0,27.6,2,1,1,0,0,0,1500.0,1500.0
2010,6,19,Netherlands,Japan,0,0.0,0,1.0,0,95,31,33,5,10,0,808000000.0,26.7,8,8,6,4,3,2,0.0,0,117,53,36,13,17,0,223500000.0,26.5,3,1,1,0,0,0,1507.41,1511.0
2010,6,20,Brazil,Ivory Coast,0,0.0,0,3.0,0,114,37,38,5,11,5,932000000.0,27.8,18,16,8,12,9,6,1.0,0,96,41,26,9,13,0,370800000.0,26.6,1,0,0,0,0,0,1500.0,1500.0
2010,6,20,Italy,New Zealand,0,2.0,0,1.0,0,69,45,24,9,14,4,827000000.0,27.3,16,11,8,9,8,6,1.0,0,28,40,8,11,4,0,16430000.0,27.8,1,0,0,0,0,0,1501.88,1496.31
2010,6,20,Slovakia,Paraguay,0,1.0,0,0.0,0,82,64,18,19,6,0,130050000.0,28.6,0,0,0,0,0,0,2.0,0,52,54,17,18,14,0,123950000.0,28.4,7,3,3,0,0,0,1500.0,1500.0
2010,6,21,Chile,Switzerland,0,0.0,0,1.0,0,79,65,31,17,11,0,80300000.0,25.3,7,2,1,1,1,0,0.0,0,58,45,18,15,7,0,251000000.0,27.5,8,5,4,3,0,0,1500.0,1500.0
2010,6,21,Portugal,North Korea,0,0.0,0,7.0,0,80,38,25,8,13,0,841000000.0,27.1,4,2,1,2,2,0,0.0,0,89,44,21,15,19,0,6900000.0,25.3,1,1,0,1,0,0,1500.0,1500.0
2010,6,21,Spain,Honduras,0,0.0,0,2.0,0,121,31,46,4,4,0,1150000000.0,27.2,12,8,6,4,0,0,0.0,0,110,63,37,19,8,0,15500000.0,28.1,1,0,0,0,0,0,1500.0,1500.0
2010,6,22,Greece,Argentina,0,1.0,0,0.0,0,63,49,21,14,8,0,254700000.0,26.4,1,0,0,0,0,0,2.0,0,84,50,29,12,8,2,575000000.0,27.9,14,11,6,7,4,4,1511.19,1500.0
2010,6,22,Mexico,Uruguay,0,1.0,0,0.0,0,133,67,42,19,10,0,142100000.0,25.7,13,6,5,2,0,0,1.0,0,71,47,19,11,13,2,419200000.0,26.6,10,7,2,4,3,1,1500.0,1508.0
2010,6,22,Nigeria,South Korea,0,2.0,0,2.0,0,58,29,24,8,12,0,281780000.0,27.5,3,2,2,0,0,0,2.0,0,81,43,26,11,18,0,118800000.0,27.6,7,1,1,1,1,0,1500.08,1504.0
2010,6,22,South Africa,France,0,0.0,0,2.0,1,80,54,31,22,17,0,46350000.0,26.3,2,0,0,0,0,0,1.0,0,67,37,26,11,11,1,1290000000.0,26.8,12,7,5,6,5,2,1492.0,1500.0
2010,6,23,Australia,Serbia,0,0.0,0,2.0,0,59,33,23,10,12,0,32850000.0,27.6,2,1,1,0,0,0,1.0,0,77,41,23,11,11,0,266700000.0,26.7,10,7,2,5,2,0,1496.0,1504.0
2010,6,23,Ghana,Germany,0,1.0,0,0.0,0,73,52,26,15,9,0,164930000.0,25.1,1,1,1,0,0,0,1.0,0,119,36,34,7,8,3,828000000.0,26.7,16,16,8,14,11,7,1496.0,1500.0
2010,6,23,Slovenia,England,0,1.0,0,0.0,0,47,40,14,16,6,0,150600000.0,27.7,1,0,0,0,0,0,1.0,0,93,32,27,9,6,1,1300000000.0,26.8,12,10,5,8,2,1,1496.25,1496.0
2010,6,23,United States,Algeria,0,0.0,0,1.0,0,112,74,36,19,6,0,169700000.0,26.0,8,4,3,2,1,0,0.0,0,43,46,18,14,7,0,229300000.0,26.5,2,0,0,0,0,0,1503.75,1500.0
2010,6,24,Cameroon,Netherlands,0,1.0,0,1.0,0,76,45,22,11,10,0,256030000.0,25.6,5,1,1,1,0,0,2.0,0,95,31,33,5,10,0,808000000.0,26.7,8,8,6,4,3,2,1496.31,1512.0
2010,6,24,Denmark,Japan,0,1.0,0,1.0,0,61,40,19,12,11,0,381600000.0,27.2,3,3,3,1,0,0,3.0,0,117,53,36,13,17,0,223500000.0,26.5,3,1,1,0,0,0,1500.0,1517.71
2010,6,24,Paraguay,New Zealand,0,2.0,0,0.0,0,52,54,17,18,14,0,123950000.0,28.4,7,3,3,0,0,0,0.0,0,28,40,8,11,4,0,16430000.0,27.8,1,0,0,0,0,0,1482.0,1507.44
2010,6,24,Slovakia,Italy,0,0.0,0,3.0,0,82,64,18,19,6,0,130050000.0,28.6,0,0,0,0,0,0,2.0,0,69,45,24,9,14,4,827000000.0,27.3,16,11,8,9,8,6,1504.0,1500.0
2010,6,25,Chile,Spain,0,1.0,0,1.0,0,79,65,31,17,11,0,80300000.0,25.3,7,2,1,1,1,0,2.0,0,121,31,46,4,4,0,1150000000.0,27.2,12,8,6,4,0,0,1500.0,1500.0
2010,6,25,North Korea,Ivory Coast,0,1.0,0,0.0,0,89,44,21,15,19,0,6900000.0,25.3,1,1,0,1,0,0,3.0,0,96,41,26,9,13,0,370800000.0,26.6,1,0,0,0,0,0,1486.0,1483.09
2010,6,25,Portugal,Brazil,0,2.0,0,0.0,0,80,38,25,8,13,0,841000000.0,27.1,4,2,1,2,2,0,0.0,0,114,37,38,5,11,5,932000000.0,27.8,18,16,8,12,9,6,1509.77,1524.0
2010,6,25,Switzerland,Honduras,0,2.0,0,0.0,0,58,45,18,15,7,0,251000000.0,27.5,8,5,4,3,0,0,0.0,0,110,63,37,19,8,0,15500000.0,28.1,1,0,0,0,0,0,1496.25,1504.0
2010,6,26,Uruguay,South Korea,1,0.0,0,2.0,0,71,47,19,11,13,2,419200000.0,26.6,10,7,2,4,3,1,1.0,0,81,43,26,11,18,0,118800000.0,27.6,7,1,1,1,1,0,1492.75,1535.0
2010,6,26,United States,Ghana,1,1.0,0,1.0,0,112,74,36,19,6,0,169700000.0,26.0,8,4,3,2,1,0,2.0,0,73,52,26,15,9,0,164930000.0,25.1,1,1,1,0,0,0,1541.0,1503.4
2010,6,27,Argentina,Mexico,1,0.0,0,3.0,0,84,50,29,12,8,2,575000000.0,27.9,14,11,6,7,4,4,1.0,0,133,67,42,19,10,0,142100000.0,25.7,13,6,5,2,0,0,1503.75,1504.0
2010,6,27,Germany,England,1,0.0,0,4.0,0,119,36,34,7,8,3,828000000.0,26.7,16,16,8,14,11,7,1.0,0,93,32,27,9,6,1,1300000000.0,26.8,12,10,5,8,2,1,1500.0,1500.0
2010,6,28,Brazil,Chile,1,0.0,0,3.0,0,114,37,38,5,11,5,932000000.0,27.8,18,16,8,12,9,6,0.0,0,79,65,31,17,11,0,80300000.0,25.3,7,2,1,1,1,0,1500.0,1496.0
2010,6,28,Netherlands,Slovakia,1,0.0,0,2.0,0,95,31,33,5,10,0,808000000.0,26.7,8,8,6,4,3,2,1.0,0,82,64,18,19,6,0,130050000.0,28.6,0,0,0,0,0,0,1500.0,1500.0
2010,6,29,Paraguay,Japan,1,0.0,1,0.0,0,52,54,17,18,14,0,123950000.0,28.4,7,3,3,0,0,0,0.0,0,117,53,36,13,17,0,223500000.0,26.5,3,1,1,0,0,0,1496.25,1500.0
2010,6,29,Spain,Portugal,1,0.0,0,1.0,0,121,31,46,4,4,0,1150000000.0,27.2,12,8,6,4,0,0,0.0,0,80,38,25,8,13,0,841000000.0,27.1,4,2,1,2,2,0,1496.25,1500.0
2010,7,2,Netherlands,Brazil,1,0.0,0,2.0,0,95,31,33,5,10,0,808000000.0,26.7,8,8,6,4,3,2,1.0,0,114,37,38,5,11,5,932000000.0,27.8,18,16,8,12,9,6,1500.0,1500.0
2010,7,2,Uruguay,Ghana,1,0.0,1,1.0,0,71,47,19,11,13,2,419200000.0,26.6,10,7,2,4,3,1,1.0,0,73,52,26,15,9,0,164930000.0,25.1,1,1,1,0,0,0,1504.0,1504.0
2010,7,3,Argentina,Germany,1,1.0,0,0.0,0,84,50,29,12,8,2,575000000.0,27.9,14,11,6,7,4,4,4.0,0,119,36,34,7,8,3,828000000.0,26.7,16,16,8,14,11,7,1496.25,1504.0
2010,7,3,Paraguay,Spain,1,1.0,0,0.0,0,52,54,17,18,14,0,123950000.0,28.4,7,3,3,0,0,0,1.0,0,121,31,46,4,4,0,1150000000.0,27.2,12,8,6,4,0,0,1500.0,1504.0
2010,7,6,Uruguay,Netherlands,1,1.0,0,2.0,0,71,47,19,11,13,2,419200000.0,26.6,10,7,2,4,3,1,3.0,0,95,31,33,5,10,0,808000000.0,26.7,8,8,6,4,3,2,1500.0,1500.0
2010,7,7,Germany,Spain,1,1.0,0,0.0,0,119,36,34,7,8,3,828000000.0,26.7,16,16,8,14,11,7,1.0,0,121,31,46,4,4,0,1150000000.0,27.2,12,8,6,4,0,0,1504.0,1496.0
2010,7,10,Uruguay,Germany,1,1.0,0,2.0,0,71,47,19,11,13,2,419200000.0,26.6,10,7,2,4,3,1,3.0,0,119,36,34,7,8,3,828000000.0,26.7,16,16,8,14,11,7,1476.67,1505.0
2010,7,11,Netherlands,Spain,1,1.0,0,0.0,0,95,31,33,5,10,0,808000000.0,26.7,8,8,6,4,3,2,1.0,0,121,31,46,4,4,0,1150000000.0,27.2,12,8,6,4,0,0,1496.03,1500.0
2014,6,12,Brazil,Croatia,0,0.0,0,3.0,1,125,38,37,8,10,0,468000000.0,28.36,0,0,0,0,0,0,1.0,0,67,39,23,9,11,0,197000000.0,27.36,0,0,0,0,0,0,1500.0,1488.0
2014,6,13,Chile,Australia,0,0.0,0,3.0,0,84,58,24,15,9,0,139000000.0,28.0,0,0,0,0,0,0,1.0,0,93,57,25,14,11,0,21000000.0,26.36,0,0,0,0,0,0,1551.0,1548.49
2014,6,13,Mexico,Cameroon,0,0.0,0,1.0,0,109,58,34,17,13,0,97000000.0,27.26,0,0,0,0,0,0,0.0,0,61,37,20,8,14,0,117000000.0,26.6,0,0,0,0,0,0,1503.75,1496.0
2014,6,13,Spain,Netherlands,0,1.0,0,1.0,0,125,39,40,6,8,0,622000000.0,28.25,0,0,0,0,0,0,5.0,0,106,39,27,8,11,0,208000000.0,26.47,0,0,0,0,0,0,1504.0,1500.0
2014,6,14,Colombia,Greece,0,0.0,0,3.0,0,58,25,22,8,11,0,191000000.0,27.47,0,0,0,0,0,0,0.0,0,53,31,25,5,15,0,80000000.0,28.51,0,0,0,0,0,0,1503.75,1500.0
2014,6,14,England,Italy,0,1.0,0,1.0,0,83,36,24,5,14,0,334000000.0,26.57,0,0,0,0,0,0,2.0,0,79,55,22,11,20,0,323000000.0,27.9,0,0,0,0,0,0,1496.0,1496.0
2014,6,14,Ivory Coast,Japan,0,0.0,0,2.0,0,88,40,28,5,10,0,122000000.0,27.83,0,0,0,0,0,0,1.0,0,102,57,32,11,11,0,98000000.0,27.32,0,0,0,0,0,0,1503.75,1496.25
2014,6,14,Uruguay,Costa Rica,0,1.0,0,1.0,0,93,56,25,11,14,0,218000000.0,28.55,0,0,0,0,0,0,3.0,0,79,69,24,23,20,0,30000000.0,27.43,0,0,0,0,0,0,1500.0,1500.0
2014,6,15,Argentina,Bosnia and Herzegovina,0,0.0,0,2.0,0,98,46,29,7,15,0,392000000.0,28.92,0,0,0,0,0,0,1.0,0,69,41,20,11,7,0,115000000.0,27.06,0,0,0,0,0,0,1496.25,1496.25
2014,6,15,France,Honduras,0,0.0,0,3.0,0,82,34,27,10,12,0,379000000.0,26.84,0,0,0,0,0,0,0.0,0,74,77,21,22,18,0,21000000.0,28.59,0,0,0,0,0,0,1496.25,1493.0
2014,6,15,Switzerland,Ecuador,0,0.0,0,2.0,0,54,33,19,6,11,0,178000000.0,26.07,0,0,0,0,0,0,1.0,0,74,57,18,13,16,0,62000000.0,27.73,0,0,0,0,0,0,1500.0,1496.25
2014,6,16,Germany,Portugal,0,0.0,0,4.0,0,127,60,32,6,11,0,526000000.0,26.19,0,0,0,0,0,0,0.0,0,91,46,25,8,12,0,297000000.0,28.53,0,0,0,0,0,0,1500.0,1503.75
2014,6,16,Ghana,United States,0,1.0,0,1.0,0,86,41,27,13,11,0,96000000.0,25.45,0,0,0,0,0,0,2.0,0,93,64,34,16,11,0,58000000.0,27.81,0,0,0,0,0,0,1500.0,1500.0
2014,6,16,Iran,Nigeria,0,2.0,0,0.0,0,100,36,32,8,14,0,24000000.0,28.5,0,0,0,0,0,0,0.0,0,87,46,24,9,19,0,84000000.0,25.81,0,0,0,0,0,0,1500.0,1500.0
2014,6,17,Belgium,Algeria,0,0.0,0,2.0,0,71,41,21,8,12,0,348000000.0,25.96,0,0,0,0,0,0,1.0,0,49,29,19,8,6,0,57000000.0,26.6,0,0,0,0,0,0,1503.75,1496.25
2014,6,17,Brazil,Mexico,0,2.0,0,0.0,1,125,38,37,8,10,0,468000000.0,28.36,0,0,0,0,0,0,0.0,0,109,58,34,17,13,0,97000000.0,27.26,0,0,0,0,0,0,1496.25,1500.0
2014,6,17,Russia,South Korea,0,2.0,0,1.0,0,67,25,24,6,14,0,180000000.0,27.48,0,0,0,0,0,0,1.0,0,76,62,24,16,11,0,52000000.0,26.19,0,0,0,0,0,0,1496.0,1504.0
2014,6,18,Australia,Netherlands,0,1.0,0,2.0,0,93,57,25,14,11,0,21000000.0,26.36,0,0,0,0,0,0,3.0,0,106,39,27,8,11,0,208000000.0,26.47,0,0,0,0,0,0,1500.0,1507.36
2014,6,18,Cameroon,Croatia,0,1.0,0,0.0,0,61,37,20,8,14,0,117000000.0,26.6,0,0,0,0,0,0,4.0,0,67,39,23,9,11,0,197000000.0,27.36,0,0,0,0,0,0,1499.81,1500.0
2014,6,18,Spain,Chile,0,1.0,0,0.0,0,125,39,40,6,8,0,622000000.0,28.25,0,0,0,0,0,0,2.0,0,84,58,24,15,9,0,139000000.0,28.0,0,0,0,0,0,0,1503.75,1496.0
2014,6,19,Colombia,Ivory Coast,0,0.0,0,2.0,0,58,25,22,8,11,0,191000000.0,27.47,0,0,0,0,0,0,1.0,0,88,40,28,5,10,0,122000000.0,27.83,0,0,0,0,0,0,1507.0,1500.0
2014,6,19,Japan,Greece,0,2.0,0,0.0,0,102,57,32,11,11,0,98000000.0,27.32,0,0,0,0,0,0,0.0,0,53,31,25,5,15,0,80000000.0,28.51,0,0,0,0,0,0,1500.0,1500.0
2014,6,19,Uruguay,England,0,0.0,0,2.0,0,93,56,25,11,14,0,218000000.0,28.55,0,0,0,0,0,0,1.0,0,83,36,24,5,14,0,334000000.0,26.57,0,0,0,0,0,0,1496.0,1503.75
2014,6,20,Honduras,Ecuador,0,1.0,0,1.0,0,74,77,21,22,18,0,21000000.0,28.59,0,0,0,0,0,0,2.0,0,74,57,18,13,16,0,62000000.0,27.73,0,0,0,0,0,0,1507.72,1504.0
2014,6,20,Italy,Costa Rica,0,1.0,0,0.0,0,79,55,22,11,20,0,323000000.0,27.9,0,0,0,0,0,0,1.0,0,79,69,24,23,20,0,30000000.0,27.43,0,0,0,0,0,0,1500.0,1496.0
2014,6,20,Switzerland,France,0,1.0,0,2.0,0,54,33,19,6,11,0,178000000.0,26.07,0,0,0,0,0,0,5.0,0,82,34,27,10,12,0,379000000.0,26.84,0,0,0,0,0,0,1500.0,1505.59
2014,6,21,Argentina,Iran,0,0.0,0,1.0,0,98,46,29,7,15,0,392000000.0,28.92,0,0,0,0,0,0,0.0,0,100,36,32,8,14,0,24000000.0,28.5,0,0,0,0,0,0,1496.0,1500.0
2014,6,21,Germany,Ghana,0,2.0,0,2.0,0,127,60,32,6,11,0,526000000.0,26.19,0,0,0,0,0,0,2.0,0,86,41,27,13,11,0,96000000.0,25.45,0,0,0,0,0,0,1496.25,1500.0
2014,6,21,Nigeria,Bosnia and Herzegovina,0,0.0,0,1.0,0,87,46,24,9,19,0,84000000.0,25.81,0,0,0,0,0,0,0.0,0,69,41,20,11,7,0,115000000.0,27.06,0,0,0,0,0,0,1500.0,1500.0
2014,6,22,Belgium,Russia,0,0.0,0,1.0,0,71,41,21,8,12,0,348000000.0,25.96,0,0,0,0,0,0,0.0,0,67,25,24,6,14,0,180000000.0,27.48,0,0,0,0,0,0,1503.75,1500.0
2014,6,22,South Korea,Algeria,0,1.0,0,2.0,0,76,62,24,16,11,0,52000000.0,26.19,0,0,0,0,0,0,4.0,0,49,29,19,8,6,0,57000000.0,26.6,0,0,0,0,0,0,1500.0,1500.0
2014,6,22,United States,Portugal,0,2.0,0,2.0,0,93,64,34,16,11,0,58000000.0,27.81,0,0,0,0,0,0,2.0,0,91,46,25,8,12,0,297000000.0,28.53,0,0,0,0,0,0,1500.0,1496.0
2014,6,23,Australia,Spain,0,1.0,0,0.0,0,93,57,25,14,11,0,21000000.0,26.36,0,0,0,0,0,0,3.0,0,125,39,40,6,8,0,622000000.0,28.25,0,0,0,0,0,0,1513.0,1516.0
2014,6,23,Brazil,Cameroon,0,0.0,0,4.0,1,125,38,37,8,10,0,468000000.0,28.36,0,0,0,0,0,0,1.0,0,61,37,20,8,14,0,117000000.0,26.6,0,0,0,0,0,0,1500.13,1507.47
2014,6,23,Croatia,Mexico,0,1.0,0,1.0,0,67,39,23,9,11,0,197000000.0,27.36,0,0,0,0,0,0,3.0,0,109,58,34,17,13,0,97000000.0,27.26,0,0,0,0,0,0,1514.9,1504.0
2014,6,23,Netherlands,Chile,0,0.0,0,2.0,0,106,39,27,8,11,0,208000000.0,26.47,0,0,0,0,0,0,0.0,0,84,58,24,15,9,0,139000000.0,28.0,0,0,0,0,0,0,1507.44,1505.0
2014,6,24,Costa Rica,England,0,2.0,0,0.0,0,79,69,24,23,20,0,30000000.0,27.43,0,0,0,0,0,0,0.0,0,83,36,24,5,14,0,334000000.0,26.57,0,0,0,0,0,0,1512.0,1508.63
2014,6,24,Greece,Ivory Coast,0,0.0,0,2.0,0,53,31,25,5,15,0,80000000.0,28.51,0,0,0,0,0,0,1.0,0,88,40,28,5,10,0,122000000.0,27.83,0,0,0,0,0,0,1500.0,1500.0
2014,6,24,Italy,Uruguay,0,1.0,0,0.0,0,79,55,22,11,20,0,323000000.0,27.9,0,0,0,0,0,0,1.0,0,93,56,25,11,14,0,218000000.0,28.55,0,0,0,0,0,0,1503.97,1512.5
2014,6,24,Japan,Colombia,0,1.0,0,1.0,0,102,57,32,11,11,0,98000000.0,27.32,0,0,0,0,0,0,4.0,0,58,25,22,8,11,0,191000000.0,27.47,0,0,0,0,0,0,1509.0,1503.67
2014,6,25,Bosnia and Herzegovina,Iran,0,0.0,0,3.0,0,69,41,20,11,7,0,115000000.0,27.06,0,0,0,0,0,0,1.0,0,100,36,32,8,14,0,24000000.0,28.5,0,0,0,0,0,0,1512.31,1513.0
2014,6,25,Ecuador,France,0,2.0,0,0.0,0,74,57,18,13,16,0,62000000.0,27.73,0,0,0,0,0,0,0.0,0,82,34,27,10,12,0,379000000.0,26.84,0,0,0,0,0,0,1487.0,1487.5
2014,6,25,Honduras,Switzerland,0,1.0,0,0.0,0,74,77,21,22,18,0,21000000.0,28.59,0,0,0,0,0,0,3.0,0,54,33,19,6,11,0,178000000.0,26.07,0,0,0,0,0,0,1516.0,1512.21
2014,6,25,Nigeria,Argentina,0,1.0,0,2.0,0,87,46,24,9,19,0,84000000.0,25.81,0,0,0,0,0,0,3.0,0,98,46,29,7,15,0,392000000.0,28.92,0,0,0,0,0,0,1490.75,1484.0
2014,6,26,Algeria,Russia,0,2.0,0,1.0,0,49,29,19,8,6,0,57000000.0,26.6,0,0,0,0,0,0,1.0,0,67,25,24,6,14,0,180000000.0,27.48,0,0,0,0,0,0,1496.0,1521.08
2014,6,26,South Korea,Belgium,0,1.0,0,0.0,0,76,62,24,16,11,0,52000000.0,26.19,0,0,0,0,0,0,1.0,0,71,41,21,8,12,0,348000000.0,25.96,0,0,0,0,0,0,1493.0,1487.5
2014,6,26,Portugal,Ghana,0,0.0,0,2.0,0,91,46,25,8,12,0,297000000.0,28.53,0,0,0,0,0,0,1.0,0,86,41,27,13,11,0,96000000.0,25.45,0,0,0,0,0,0,1487.0,1488.0
2014,6,26,United States,Germany,0,1.0,0,0.0,0,93,64,34,16,11,0,58000000.0,27.81,0,0,0,0,0,0,1.0,0,127,60,32,6,11,0,526000000.0,26.19,0,0,0,0,0,0,1500.0,1517.0
2014,6,28,Brazil,Chile,1,0.0,1,1.0,1,125,38,37,8,10,0,468000000.0,28.36,0,0,0,0,0,0,1.0,0,84,58,24,15,9,0,139000000.0,28.0,0,0,0,0,0,0,1481.25,1515.0
2014,6,28,Colombia,Uruguay,1,0.0,0,2.0,0,58,25,22,8,11,0,191000000.0,27.47,0,0,0,0,0,0,0.0,0,93,56,25,11,14,0,218000000.0,28.55,0,0,0,0,0,0,1511.98,1496.0
2014,6,29,Costa Rica,Greece,1,0.0,1,1.0,0,79,69,24,23,20,0,30000000.0,27.43,0,0,0,0,0,0,1.0,0,53,31,25,5,15,0,80000000.0,28.51,0,0,0,0,0,0,1507.78,1512.68
2014,6,29,Netherlands,Mexico,1,0.0,0,2.0,0,106,39,27,8,11,0,208000000.0,26.47,0,0,0,0,0,0,1.0,0,109,58,34,17,13,0,97000000.0,27.26,0,0,0,0,0,0,1513.0,1512.5
2014,6,30,France,Nigeria,1,0.0,0,2.0,0,82,34,27,10,12,0,379000000.0,26.84,0,0,0,0,0,0,0.0,0,87,46,24,9,19,0,84000000.0,25.81,0,0,0,0,0,0,1496.0,1488.88
2014,6,30,Germany,Algeria,1,0.0,0,2.0,0,127,60,32,6,11,0,526000000.0,26.19,0,0,0,0,0,0,1.0,0,49,29,19,8,6,0,57000000.0,26.6,0,0,0,0,0,0,1484.0,1480.0
2014,7,1,Argentina,Switzerland,1,0.0,0,1.0,0,98,46,29,7,15,0,392000000.0,28.92,0,0,0,0,0,0,0.0,0,54,33,19,6,11,0,178000000.0,26.07,0,0,0,0,0,0,1488.0,1494.33
2014,7,1,Belgium,United States,1,0.0,0,2.0,0,71,41,21,8,12,0,348000000.0,25.96,0,0,0,0,0,0,1.0,0,93,64,34,16,11,0,58000000.0,27.81,0,0,0,0,0,0,1500.0,1504.0
2014,7,4,Brazil,Colombia,1,0.0,0,2.0,1,125,38,37,8,10,0,468000000.0,28.36,0,0,0,0,0,0,1.0,0,58,25,22,8,11,0,191000000.0,27.47,0,0,0,0,0,0,1515.0,1500.0
2014,7,4,France,Germany,1,1.0,0,0.0,0,82,34,27,10,12,0,379000000.0,26.84,0,0,0,0,0,0,1.0,0,127,60,32,6,11,0,526000000.0,26.19,0,0,0,0,0,0,1481.0,1500.0
2014,7,5,Argentina,Belgium,1,0.0,0,1.0,0,98,46,29,7,15,0,392000000.0,28.92,0,0,0,0,0,0,0.0,0,71,41,21,8,12,0,348000000.0,25.96,0,0,0,0,0,0,1509.0,1483.69
2014,7,5,Netherlands,Costa Rica,1,0.0,1,0.0,0,106,39,27,8,11,0,208000000.0,26.47,0,0,0,0,0,0,0.0,0,79,69,24,23,20,0,30000000.0,27.43,0,0,0,0,0,0,1512.0,1500.0
2014,7,8,Brazil,Germany,1,1.0,0,1.0,1,125,38,37,8,10,0,468000000.0,28.36,0,0,0,0,0,0,7.0,0,127,60,32,6,11,0,526000000.0,26.19,0,0,0,0,0,0,1511.0,1496.47
2014,7,9,Netherlands,Argentina,1,1.0,1,0.0,0,106,39,27,8,11,0,208000000.0,26.47,0,0,0,0,0,0,0.0,0,98,46,29,7,15,0,392000000.0,28.92,0,0,0,0,0,0,1500.0,1500.0
2014,7,12,Brazil,Netherlands,1,1.0,0,0.0,1,125,38,37,8,10,0,468000000.0,28.36,0,0,0,0,0,0,3.0,0,106,39,27,8,11,0,208000000.0,26.47,0,0,0,0,0,0,1515.0,1496.36
2014,7,13,Germany,Argentina,1,0.0,0,1.0,0,127,60,32,6,11,0,526000000.0,26.19,0,0,0,0,0,0,0.0,0,98,46,29,7,15,0,392000000.0,28.92,0,0,0,0,0,0,1481.0,1507.5
2018,6,14,Russia,Saudi Arabia,0,0.0,0,5.0,1,65,54,15,16,11,0,161640000.0,28.84,3,0,0,0,0,0,0.0,0,97,66,25,18,8,0,18800000.0,28.73,4,1,1,0,0,0,1481.0,1508.0
2018,6,15,Egypt,Uruguay,0,1.0,0,0.0,0,50,27,23,13,7,0,197030000.0,28.98,2,1,1,0,0,0,1.0,0,67,42,21,12,8,2,372630000.0,28.13,12,9,4,5,4,1,1489.0,1511.0
2018,6,15,Morocco,Iran,0,1.0,0,0.0,0,70,19,26,8,8,0,129330000.0,27.23,4,1,1,0,0,0,1.0,0,84,22,30,4,9,0,46750000.0,27.23,4,0,0,0,0,0,1512.0,1512.4
2018,6,15,Portugal,Spain,0,2.0,0,3.0,0,100,36,33,10,9,0,494010000.0,28.37,6,3,2,2,2,0,3.0,0,103,29,29,7,8,1,973030000.0,28.49,14,9,7,5,1,1,1500.0,1518.53
2018,6,16,France,Australia,0,0.0,0,2.0,0,96,45,33,8,8,1,1029470000.0,26.03,14,8,6,7,5,2,1.0,0,85,48,23,11,12,0,50210000.0,28.13,4,1,1,0,0,0,1496.0,1485.0
2018,6,16,Argentina,Iceland,0,2.0,0,1.0,0,95,40,27,8,12,2,678320000.0,29.52,16,13,8,9,5,5,1.0,0,85,64,24,18,9,0,75380000.0,28.58,0,0,0,0,0,0,1500.0,1503.66
2018,6,16,Peru,Denmark,0,1.0,0,0.0,0,76,47,26,12,12,0,38480000.0,27.44,4,2,0,1,0,0,1.0,0,61,36,17,11,12,0,259040000.0,27.14,4,3,3,1,0,0,1515.0,1500.11
2018,6,16,Croatia,Nigeria,0,0.0,0,2.0,0,78,29,25,8,10,0,363640000.0,27.9,4,1,1,1,1,0,0.0,0,48,33,16,11,10,0,134720000.0,25.96,5,3,3,0,0,0,1488.0,1512.31
2018,6,17,Costa Rica,Serbia,0,1.0,0,0.0,0,70,59,21,15,13,0,39960000.0,29.78,4,2,2,1,0,0,1.0,0,55,45,16,13,8,0,283720000.0,26.76,11,7,2,5,2,0,1481.36,1488.53
2018,6,17,Germany,Mexico,0,1.0,0,0.0,0,111,46,30,10,10,4,882120000.0,27.14,18,18,10,16,13,8,1.0,0,107,67,37,12,18,0,152150000.0,29.24,15,8,7,2,0,0,1504.0,1492.56
2018,6,17,Brazil,Switzerland,0,2.0,0,1.0,0,95,22,33,4,8,5,980020000.0,28.6,20,18,10,14,10,6,1.0,0,75,31,25,8,7,0,217880000.0,27.18,10,6,5,3,0,0,1499.97,1496.0
2018,6,18,Sweden,South Korea,0,0.0,0,1.0,0,71,40,20,13,15,0,119640000.0,28.24,11,8,4,4,3,1,0.0,0,92,51,33,14,11,0,87430000.0,27.79,9,2,2,1,1,0,1511.0,1500.0
2018,6,18,Belgium,Panama,0,0.0,0,3.0,0,116,38,30,5,8,0,753250000.0,27.59,12,8,7,2,1,0,0.0,0,58,62,17,18,17,0,6270000.0,28.87,0,0,0,0,0,0,1481.36,1503.53
2018,6,18,Tunisia,England,0,1.0,0,1.0,0,66,44,21,10,14,0,58820000.0,26.53,4,0,0,0,0,0,2.0,0,79,28,29,5,10,1,873130000.0,26.05,14,11,6,8,2,1,1504.0,1518.53
2018,6,19,Colombia,Japan,0,1.0,0,1.0,0,57,37,19,11,13,0,250850000.0,28.39,5,2,2,1,0,0,2.0,0,107,50,28,12,11,0,75520000.0,28.58,5,2,2,0,0,0,1487.0,1508.0
2018,6,19,Poland,Senegal,0,1.0,0,1.0,0,91,40,22,5,13,0,274280000.0,28.31,7,5,2,2,2,0,2.0,0,70,25,27,5,13,0,299200000.0,26.99,1,1,1,1,0,0,1515.0,1518.77
2018,6,19,Russia,Egypt,0,0.0,0,3.0,1,65,54,15,16,11,0,161640000.0,28.84,3,0,0,0,0,0,1.0,0,50,27,23,13,7,0,197030000.0,28.98,2,1,1,0,0,0,1494.45,1509.0
2018,6,20,Portugal,Morocco,0,0.0,0,1.0,0,100,36,33,10,9,0,494010000.0,28.37,6,3,2,2,2,0,0.0,0,70,19,26,8,8,0,129330000.0,27.23,4,1,1,0,0,0,1492.96,1520.13
2018,6,20,Uruguay,Saudi Arabia,0,0.0,0,1.0,0,67,42,21,12,8,2,372630000.0,28.13,12,9,4,5,4,1,0.0,0,97,66,25,18,8,0,18800000.0,28.73,4,1,1,0,0,0,1496.0,1496.34
2018,6,20,Iran,Spain,0,1.0,0,0.0,0,84,22,30,4,9,0,46750000.0,27.23,4,0,0,0,0,0,1.0,0,103,29,29,7,8,1,973030000.0,28.49,14,9,7,5,1,1,1519.72,1487.4
2018,6,21,Denmark,Australia,0,2.0,0,1.0,0,61,36,17,11,12,0,259040000.0,27.14,4,3,3,1,0,0,1.0,0,85,48,23,11,12,0,50210000.0,28.13,4,1,1,0,0,0,1490.76,1500.0
2018,6,21,France,Peru,0,0.0,0,1.0,0,96,45,33,8,8,1,1029470000.0,26.03,14,8,6,7,5,2,0.0,0,76,47,26,12,12,0,38480000.0,27.44,4,2,0,1,0,0,1476.0,1508.6
2018,6,21,Argentina,Croatia,0,1.0,0,0.0,0,95,40,27,8,12,2,678320000.0,29.52,16,13,8,9,5,5,3.0,0,78,29,25,8,10,0,363640000.0,27.9,4,1,1,1,1,0,1504.0,1584.04
2018,6,22,Brazil,Costa Rica,0,0.0,0,2.0,0,95,22,33,4,8,5,980020000.0,28.6,20,18,10,14,10,6,0.0,0,70,59,21,15,13,0,39960000.0,29.78,4,2,2,1,0,0,1492.0,1496.17
2018,6,22,Nigeria,Iceland,0,0.0,0,2.0,0,48,33,16,11,10,0,134720000.0,25.96,5,3,3,0,0,0,0.0,0,85,64,24,18,9,0,75380000.0,28.58,0,0,0,0,0,0,1512.71,1500.0
2018,6,22,Serbia,Switzerland,0,1.0,0,1.0,0,55,45,16,13,8,0,283720000.0,26.76,11,7,2,5,2,0,2.0,0,75,31,25,8,7,0,217880000.0,27.18,10,6,5,3,0,0,1500.0,1499.9
2018,6,23,Belgium,Tunisia,0,0.0,0,5.0,0,116,38,30,5,8,0,753250000.0,27.59,12,8,7,2,1,0,2.0,0,66,44,21,10,14,0,58820000.0,26.53,4,0,0,0,0,0,1504.0,1484.0
2018,6,23,South Korea,Mexico,0,1.0,0,1.0,0,92,51,33,14,11,0,87430000.0,27.79,9,2,2,1,1,0,2.0,0,107,67,37,12,18,0,152150000.0,29.24,15,8,7,2,0,0,1511.0,1500.0
2018,6,23,Germany,Sweden,0,0.0,0,2.0,0,111,46,30,10,10,4,882120000.0,27.14,18,18,10,16,13,8,1.0,0,71,40,20,13,15,0,119640000.0,28.24,11,8,4,4,3,1,1478.0,1495.58
2018,6,24,England,Panama,0,0.0,0,6.0,0,79,28,29,5,10,1,873130000.0,26.05,14,11,6,8,2,1,1.0,0,58,62,17,18,17,0,6270000.0,28.87,0,0,0,0,0,0,1466.78,1530.11
2018,6,24,Japan,Senegal,0,2.0,0,2.0,0,107,50,28,12,11,0,75520000.0,28.58,5,2,2,0,0,0,2.0,0,70,25,27,5,13,0,299200000.0,26.99,1,1,1,1,0,0,1485.0,1510.8
2018,6,24,Poland,Colombia,0,1.0,0,0.0,0,91,40,22,5,13,0,274280000.0,28.31,7,5,2,2,2,0,3.0,0,57,37,19,11,13,0,250850000.0,28.39,5,2,2,1,0,0,1512.0,1481.49
2018,6,25,Russia,Uruguay,0,1.0,0,0.0,1,65,54,15,16,11,0,161640000.0,28.84,3,0,0,0,0,0,3.0,0,67,42,21,12,8,2,372630000.0,28.13,12,9,4,5,4,1,1499.46,1580.0
2018,6,25,Saudi Arabia,Egypt,0,0.0,0,2.0,0,97,66,25,18,8,0,18800000.0,28.73,4,1,1,0,0,0,1.0,0,50,27,23,13,7,0,197030000.0,28.98,2,1,1,0,0,0,1500.12,1500.0
2018,6,25,Spain,Morocco,0,2.0,0,2.0,0,103,29,29,7,8,1,973030000.0,28.49,14,9,7,5,1,1,2.0,0,70,19,26,8,8,0,129330000.0,27.23,4,1,1,0,0,0,1529.57,1504.0
2018,6,25,Iran,Portugal,0,2.0,0,1.0,0,84,22,30,4,9,0,46750000.0,27.23,4,0,0,0,0,0,1.0,0,100,36,33,10,9,0,494010000.0,28.37,6,3,2,2,2,0,1533.0,1496.22
2018,6,26,Australia,Peru,0,1.0,0,0.0,0,85,48,23,11,12,0,50210000.0,28.13,4,1,1,0,0,0,2.0,0,76,47,26,12,12,0,38480000.0,27.44,4,2,0,1,0,0,1515.0,1510.68
2018,6,26,Denmark,France,0,2.0,0,0.0,0,61,36,17,11,12,0,259040000.0,27.14,4,3,3,1,0,0,0.0,0,96,45,33,8,8,1,1029470000.0,26.03,14,8,6,7,5,2,1515.12,1500.53
2018,6,26,Nigeria,Argentina,0,1.0,0,1.0,0,48,33,16,11,10,0,134720000.0,25.96,5,3,3,0,0,0,2.0,0,95,40,27,8,12,2,678320000.0,29.52,16,13,8,9,5,5,1500.0,1512.0
2018,6,26,Iceland,Croatia,0,1.0,0,1.0,0,85,64,24,18,9,0,75380000.0,28.58,0,0,0,0,0,0,2.0,0,78,29,25,8,10,0,363640000.0,27.9,4,1,1,1,1,0,1500.0,1496.57
2018,6,27,South Korea,Germany,0,0.0,0,2.0,0,92,51,33,14,11,0,87430000.0,27.79,9,2,2,1,1,0,0.0,0,111,46,30,10,10,4,882120000.0,27.14,18,18,10,16,13,8,1484.86,1497.0
2018,6,27,Mexico,Sweden,0,1.0,0,0.0,0,107,67,37,12,18,0,152150000.0,29.24,15,8,7,2,0,0,3.0,0,71,40,20,13,15,0,119640000.0,28.24,11,8,4,4,3,1,1504.0,1485.0
2018,6,27,Serbia,Brazil,0,1.0,0,0.0,0,55,45,16,13,8,0,283720000.0,26.76,11,7,2,5,2,0,2.0,0,95,22,33,4,8,5,980020000.0,28.6,20,18,10,14,10,6,1474.0,1499.89
2018,6,27,Switzerland,Costa Rica,0,2.0,0,2.0,0,75,31,25,8,7,0,217880000.0,27.18,10,6,5,3,0,0,2.0,0,70,59,21,15,13,0,39960000.0,29.78,4,2,2,1,0,0,1515.0,1488.0
2018,6,28,Japan,Poland,0,1.0,0,0.0,0,107,50,28,12,11,0,75520000.0,28.58,5,2,2,0,0,0,1.0,0,91,40,22,5,13,0,274280000.0,28.31,7,5,2,2,2,0,1508.32,1500.0
2018,6,28,Senegal,Colombia,0,1.0,0,0.0,0,70,25,27,5,13,0,299200000.0,26.99,1,1,1,1,0,0,1.0,0,57,37,19,11,13,0,250850000.0,28.39,5,2,2,1,0,0,1514.0,1489.42
2018,6,28,Panama,Tunisia,0,1.0,0,1.0,0,58,62,17,18,17,0,6270000.0,28.87,0,0,0,0,0,0,2.0,0,66,44,21,10,14,0,58820000.0,26.53,4,0,0,0,0,0,1489.0,1518.0
2018,6,28,England,Belgium,0,1.0,0,0.0,0,79,28,29,5,10,1,873130000.0,26.05,14,11,6,8,2,1,1.0,0,116,38,30,5,8,0,753250000.0,27.59,12,8,7,2,1,0,1522.0,1474.63
2018,6,30,France,Argentina,1,0.0,0,4.0,0,96,45,33,8,8,1,1029470000.0,26.03,14,8,6,7,5,2,3.0,0,95,40,27,8,12,2,678320000.0,29.52,16,13,8,9,5,5,1500.0,1500.0
2018,6,30,Uruguay,Portugal,1,0.0,0,2.0,0,67,42,21,12,8,2,372630000.0,28.13,12,9,4,5,4,1,1.0,0,100,36,33,10,9,0,494010000.0,28.37,6,3,2,2,2,0,1529.57,1480.68
2018,7,1,Russia,Spain,1,0.0,1,1.0,1,65,54,15,16,11,0,161640000.0,28.84,3,0,0,0,0,0,1.0,0,103,29,29,7,8,1,973030000.0,28.49,14,9,7,5,1,1,1525.0,1519.0
2018,7,1,Croatia,Denmark,1,0.0,1,1.0,0,78,29,25,8,10,0,363640000.0,27.9,4,1,1,1,1,0,1.0,0,61,36,17,11,12,0,259040000.0,27.14,4,3,3,1,0,0,1500.0,1523.91
2018,7,2,Brazil,Mexico,1,0.0,0,2.0,0,95,22,33,4,8,5,980020000.0,28.6,20,18,10,14,10,6,0.0,0,107,67,37,12,18,0,152150000.0,29.24,15,8,7,2,0,0,1520.89,1503.48
2018,7,2,Belgium,Japan,1,0.0,0,3.0,0,116,38,30,5,8,0,753250000.0,27.59,12,8,7,2,1,0,2.0,0,107,50,28,12,11,0,75520000.0,28.58,5,2,2,0,0,0,1500.17,1524.0
2018,7,3,Sweden,Switzerland,1,0.0,0,1.0,0,71,40,20,13,15,0,119640000.0,28.24,11,8,4,4,3,1,0.0,0,75,31,25,8,7,0,217880000.0,27.18,10,6,5,3,0,0,1503.75,1500.0
2018,7,3,Colombia,England,1,1.0,1,1.0,0,57,37,19,11,13,0,250850000.0,28.39,5,2,2,1,0,0,1.0,0,79,28,29,5,10,1,873130000.0,26.05,14,11,6,8,2,1,1525.0,1524.91
2018,7,6,Uruguay,France,1,1.0,0,0.0,0,67,42,21,12,8,2,372630000.0,28.13,12,9,4,5,4,1,2.0,0,96,45,33,8,8,1,1029470000.0,26.03,14,8,6,7,5,2,1475.65,1509.0
2018,7,6,Brazil,Belgium,1,1.0,0,1.0,0,95,22,33,4,8,5,980020000.0,28.6,20,18,10,14,10,6,2.0,0,116,38,30,5,8,0,753250000.0,27.59,12,8,7,2,1,0,1526.87,1513.0
2018,7,7,Sweden,England,1,1.0,0,0.0,0,71,40,20,13,15,0,119640000.0,28.24,11,8,4,4,3,1,2.0,0,79,28,29,5,10,1,873130000.0,26.05,14,11,6,8,2,1,1472.14,1525.0
2018,7,7,Russia,Croatia,1,1.0,1,2.0,1,65,54,15,16,11,0,161640000.0,28.84,3,0,0,0,0,0,2.0,0,78,29,25,8,10,0,363640000.0,27.9,4,1,1,1,1,0,1500.0,1500.0
2018,7,10,France,Belgium,1,0.0,0,1.0,0,96,45,33,8,8,1,1029470000.0,26.03,14,8,6,7,5,2,0.0,0,116,38,30,5,8,0,753250000.0,27.59,12,8,7,2,1,0,1503.87,1511.17
2018,7,11,Croatia,England,1,0.0,0,2.0,0,78,29,25,8,10,0,363640000.0,27.9,4,1,1,1,1,0,1.0,0,79,28,29,5,10,1,873130000.0,26.05,14,11,6,8,2,1,1513.0,1507.67
2018,7,14,Belgium,England,1,0.0,0,2.0,0,116,38,30,5,8,0,753250000.0,27.59,12,8,7,2,1,0,0.0,0,79,28,29,5,10,1,873130000.0,26.05,14,11,6,8,2,1,1509.21,1500.0
2018,7,15,France,Croatia,1,0.0,0,4.0,0,96,45,33,8,8,1,1029470000.0,26.03,14,8,6,7,5,2,2.0,0,78,29,25,8,10,0,363640000.0,27.9,4,1,1,1,1,0,1499.93,1512.0
2022,11,20,Qatar,Ecuador,0,1.0,0,0.0,1,113,70,38,18,11,0,14900000.0,27.0,0,0,0,0,0,0,2.0,0,64,56,18,15,17,0,146500000.0,25.6,3,1,1,0,0,0,1524.0,1524.0
2022,11,21,Senegal,Netherlands,0,1.0,0,0.0,0,82,33,33,6,13,0,228000000.0,26.1,2,1,1,1,0,0,2.0,0,111,44,30,7,11,0,587250000.0,26.6,10,8,6,5,5,3,1504.0,1500.0
2022,11,21,England,Iran,0,0.0,0,6.0,0,122,34,33,8,10,1,1260000000.0,26.4,15,12,7,9,3,1,2.0,0,86,22,28,6,6,0,59530000.0,28.9,5,0,0,0,0,0,1511.5,1500.22
2022,11,21,United States,Wales,0,2.0,0,1.0,0,119,47,37,14,11,0,277400000.0,25.2,10,5,4,2,1,0,1.0,0,54,51,21,16,12,0,160150000.0,26.4,1,1,0,1,0,0,1512.0,1536.0
2022,11,22,Argentina,Saudi Arabia,0,1.0,0,1.0,0,98,27,33,4,13,2,645200000.0,27.8,17,14,9,9,5,5,2.0,0,68,44,24,15,17,0,25200000.0,27.3,5,1,1,0,0,0,1513.0,1523.0
2022,11,22,Mexico,Poland,0,2.0,0,0.0,0,115,64,39,16,13,0,176100000.0,28.5,16,9,8,2,0,0,0.0,0,83,53,22,14,12,0,255600000.0,27.0,8,5,2,2,2,0,1498.73,1525.08
2022,11,22,Denmark,Tunisia,0,2.0,0,0.0,0,108,39,31,10,9,0,353000000.0,27.2,5,4,4,1,0,0,0.0,0,84,39,33,14,10,0,62400000.0,27.8,5,0,0,0,0,0,1507.0,1512.89
2022,11,22,France,Australia,0,0.0,0,4.0,0,101,40,31,6,12,2,1030000000.0,26.5,15,9,7,8,6,3,1.0,0,69,19,21,6,6,0,38400000.0,27.5,5,1,1,0,0,0,1496.0,1519.64
2022,11,23,Germany,Japan,0,1.0,0,1.0,0,120,57,26,8,15,4,885500000.0,26.7,19,18,10,16,13,8,2.0,0,127,40,39,11,8,0,154000000.0,27.8,6,3,3,0,0,0,1509.07,1500.0
2022,11,23,Spain,Costa Rica,0,0.0,0,7.0,0,115,38,31,6,14,1,877000000.0,25.3,15,10,8,5,1,1,0.0,0,55,58,20,20,14,0,18750000.0,27.2,5,2,2,1,0,0,1500.0,1500.0
2022,11,23,Morocco,Croatia,0,2.0,0,0.0,0,89,30,32,6,12,0,241100000.0,26.2,5,1,1,0,0,0,0.0,0,82,64,24,14,11,0,377000000.0,27.4,5,2,2,2,2,1,1500.0,1500.0
2022,11,23,Belgium,Canada,0,0.0,0,1.0,0,129,45,35,8,7,0,563200000.0,27.8,13,9,8,3,2,0,0.0,0,126,34,31,10,5,0,187300000.0,26.9,1,0,0,0,0,0,1500.0,1496.0
2022,11,24,Switzerland,Cameroon,0,0.0,0,1.0,0,90,57,22,15,13,0,281000000.0,27.0,11,7,6,3,0,0,0.0,0,52,30,19,8,16,0,155000000.0,26.3,7,1,1,1,0,0,1526.0,1511.91
2022,11,24,Brazil,Serbia,0,0.0,0,2.0,0,111,19,37,3,10,5,1140000000.0,27.9,21,19,11,15,10,6,0.0,0,88,51,25,7,15,0,359500000.0,26.8,12,7,2,5,2,0,1500.0,1537.0
2022,11,24,Uruguay,South Korea,0,2.0,0,0.0,0,63,42,20,12,12,2,449700000.0,27.8,13,10,5,6,4,1,0.0,0,95,38,34,7,12,0,164480000.0,27.8,10,2,2,1,1,0,1463.51,1499.51
2022,11,24,Portugal,Ghana,0,0.0,0,3.0,0,108,34,30,7,12,0,937000000.0,26.8,7,4,3,2,2,0,2.0,0,44,33,16,10,12,0,216900000.0,24.7,3,2,2,1,0,0,1490.0,1522.0
2022,11,25,Qatar,Senegal,0,1.0,0,1.0,1,113,70,38,18,11,0,14900000.0,27.0,0,0,0,0,0,0,3.0,0,82,33,33,6,13,0,228000000.0,26.1,2,1,1,1,0,0,1531.45,1507.3
2022,11,25,Netherlands,Ecuador,0,2.0,0,1.0,0,111,44,30,7,11,0,587250000.0,26.6,10,8,6,5,5,3,1.0,0,64,56,18,15,17,0,146500000.0,25.6,3,1,1,0,0,0,1507.47,1500.0
2022,11,25,Wales,Iran,0,1.0,0,0.0,0,54,51,21,16,12,0,160150000.0,26.4,1,1,0,1,0,0,2.0,0,86,22,28,6,6,0,59530000.0,28.9,5,0,0,0,0,0,1504.0,1514.67
2022,11,25,England,United States,0,2.0,0,0.0,0,122,34,33,8,10,1,1260000000.0,26.4,15,12,7,9,3,1,0.0,0,119,47,37,14,11,0,277400000.0,25.2,10,5,4,2,1,0,1529.39,1543.17
2022,11,26,Poland,Saudi Arabia,0,0.0,0,2.0,0,83,53,22,14,12,0,255600000.0,27.0,8,5,2,2,2,0,0.0,0,68,44,24,15,17,0,25200000.0,27.3,5,1,1,0,0,0,1510.0,1486.0
2022,11,26,Argentina,Mexico,0,0.0,0,2.0,0,98,27,33,4,13,2,645200000.0,27.8,17,14,9,9,5,5,0.0,0,115,64,39,16,13,0,176100000.0,28.5,16,9,8,2,0,0,1471.0,1512.0
2022,11,26,Tunisia,Australia,0,1.0,0,0.0,0,84,39,33,14,10,0,62400000.0,27.8,5,0,0,0,0,0,1.0,0,69,19,21,6,6,0,38400000.0,27.5,5,1,1,0,0,0,1466.55,1510.0
2022,11,26,France,Denmark,0,0.0,0,2.0,0,101,40,31,6,12,2,1030000000.0,26.5,15,9,7,8,6,3,1.0,0,108,39,31,10,9,0,353000000.0,27.2,5,4,4,1,0,0,1500.0,1496.25
2022,11,27,Japan,Costa Rica,0,1.0,0,0.0,0,127,40,39,11,8,0,154000000.0,27.8,6,3,3,0,0,0,1.0,0,55,58,20,20,14,0,18750000.0,27.2,5,2,2,1,0,0,1500.0,1495.0
2022,11,27,Spain,Germany,0,2.0,0,1.0,0,115,38,31,6,14,1,877000000.0,25.3,15,10,8,5,1,1,1.0,0,120,57,26,8,15,4,885500000.0,26.7,19,18,10,16,13,8,1500.0,1566.0
2022,11,27,Belgium,Morocco,0,1.0,0,0.0,0,129,45,35,8,7,0,563200000.0,27.8,13,9,8,3,2,0,2.0,0,89,30,32,6,12,0,241100000.0,26.2,5,1,1,0,0,0,1500.09,1500.0
2022,11,27,Croatia,Canada,0,0.0,0,4.0,0,82,64,24,14,11,0,377000000.0,27.4,5,2,2,2,2,1,1.0,0,126,34,31,10,5,0,187300000.0,26.9,1,0,0,0,0,0,1543.0,1514.9
2022,11,28,Cameroon,Serbia,0,2.0,0,3.0,0,52,30,19,8,16,0,155000000.0,26.3,7,1,1,1,0,0,3.0,0,88,51,25,7,15,0,359500000.0,26.8,12,7,2,5,2,0,1518.45,1466.76
2022,11,28,Brazil,Switzerland,0,0.0,0,1.0,0,111,19,37,3,10,5,1140000000.0,27.9,21,19,11,15,10,6,0.0,0,90,57,22,15,13,0,281000000.0,27.0,11,7,6,3,0,0,1484.0,1501.09
2022,11,28,South Korea,Ghana,0,1.0,0,2.0,0,95,38,34,7,12,0,164480000.0,27.8,10,2,2,1,1,0,3.0,0,44,33,16,10,12,0,216900000.0,24.7,3,2,2,1,0,0,1509.83,1526.12
2022,11,28,Portugal,Uruguay,0,0.0,0,2.0,0,108,34,30,7,12,0,937000000.0,26.8,7,4,3,2,2,0,0.0,0,63,42,20,12,12,2,449700000.0,27.8,13,10,5,6,4,1,1473.0,1529.88
2022,11,29,Ecuador,Senegal,0,1.0,0,1.0,0,64,56,18,15,17,0,146500000.0,25.6,3,1,1,0,0,0,2.0,0,82,33,33,6,13,0,228000000.0,26.1,2,1,1,1,0,0,1485.0,1453.59
2022,11,29,Qatar,Netherlands,0,1.0,0,0.0,1,113,70,38,18,11,0,14900000.0,27.0,0,0,0,0,0,0,2.0,0,111,44,30,7,11,0,587250000.0,26.6,10,8,6,5,5,3,1535.64,1496.37
2022,11,29,Wales,England,0,1.0,0,0.0,0,54,51,21,16,12,0,160150000.0,26.4,1,1,0,1,0,0,3.0,0,122,34,33,8,10,1,1260000000.0,26.4,15,12,7,9,3,1,1496.0,1546.94
2022,11,29,Iran,United States,0,1.0,0,0.0,0,86,22,28,6,6,0,59530000.0,28.9,5,0,0,0,0,0,1.0,0,119,47,37,14,11,0,277400000.0,25.2,10,5,4,2,1,0,1496.0,1500.0
2022,11,30,Poland,Argentina,0,1.0,0,0.0,0,83,53,22,14,12,0,255600000.0,27.0,8,5,2,2,2,0,2.0,0,98,27,33,4,13,2,645200000.0,27.8,17,14,9,9,5,5,1493.08,1500.21
2022,11,30,Saudi Arabia,Mexico,0,1.0,0,1.0,0,68,44,24,15,17,0,25200000.0,27.3,5,1,1,0,0,0,2.0,0,115,64,39,16,13,0,176100000.0,28.5,16,9,8,2,0,0,1529.22,1534.0
2022,11,30,Australia,Denmark,0,0.0,0,1.0,0,69,19,21,6,6,0,38400000.0,27.5,5,1,1,0,0,0,0.0,0,108,39,31,10,9,0,353000000.0,27.2,5,4,4,1,0,0,1489.74,1474.83
2022,11,30,Tunisia,France,0,0.0,0,1.0,0,84,39,33,14,10,0,62400000.0,27.8,5,0,0,0,0,0,0.0,0,101,40,31,6,12,2,1030000000.0,26.5,15,9,7,8,6,3,1500.0,1500.0
2022,12,1,Japan,Spain,0,0.0,0,2.0,0,127,40,39,11,8,0,154000000.0,27.8,6,3,3,0,0,0,1.0,0,115,38,31,6,14,1,877000000.0,25.3,15,10,8,5,1,1,1518.67,1503.78
2022,12,1,Costa Rica,Germany,0,1.0,0,2.0,0,55,58,20,20,14,0,18750000.0,27.2,5,2,2,1,0,0,4.0,0,120,57,26,8,15,4,885500000.0,26.7,19,18,10,16,13,8,1512.4,1501.0
2022,12,1,Croatia,Belgium,0,2.0,0,0.0,0,82,64,24,14,11,0,377000000.0,27.4,5,2,2,2,2,1,0.0,0,129,45,35,8,7,0,563200000.0,27.8,13,9,8,3,2,0,1500.0,1562.0
2022,12,1,Canada,Morocco,0,1.0,0,1.0,0,126,34,31,10,5,0,187300000.0,26.9,1,0,0,0,0,0,2.0,0,89,30,32,6,12,0,241100000.0,26.2,5,1,1,0,0,0,1500.0,1500.0
2022,12,2,Serbia,Switzerland,0,1.0,0,2.0,0,88,51,25,7,15,0,359500000.0,26.8,12,7,2,5,2,0,3.0,0,90,57,22,15,13,0,281000000.0,27.0,11,7,6,3,0,0,1500.27,1495.0
2022,12,2,Cameroon,Brazil,0,0.0,0,1.0,0,52,30,19,8,16,0,155000000.0,26.3,7,1,1,1,0,0,0.0,0,111,19,37,3,10,5,1140000000.0,27.9,21,19,11,15,10,6,1511.0,1524.41
2022,12,2,Ghana,Uruguay,0,1.0,0,0.0,0,44,33,16,10,12,0,216900000.0,24.7,3,2,2,1,0,0,2.0,0,63,42,20,12,12,2,449700000.0,27.8,13,10,5,6,4,1,1500.0,1500.0
2022,12,2,South Korea,Portugal,0,0.0,0,2.0,0,95,38,34,7,12,0,164480000.0,27.8,10,2,2,1,1,0,1.0,0,108,34,30,7,12,0,937000000.0,26.8,7,4,3,2,2,0,1496.25,1500.0
2022,12,3,Netherlands,United States,1,0.0,0,3.0,0,111,44,30,7,11,0,587250000.0,26.6,10,8,6,5,5,3,1.0,0,119,47,37,14,11,0,277400000.0,25.2,10,5,4,2,1,0,1523.82,1512.0
2022,12,3,Argentina,Australia,1,0.0,0,2.0,0,98,27,33,4,13,2,645200000.0,27.8,17,14,9,9,5,5,1.0,0,69,19,21,6,6,0,38400000.0,27.5,5,1,1,0,0,0,1483.84,1512.0
2022,12,4,France,Poland,1,0.0,0,3.0,0,101,40,31,6,12,2,1030000000.0,26.5,15,9,7,8,6,3,1.0,0,83,53,22,14,12,0,255600000.0,27.0,8,5,2,2,2,0,1533.42,1496.25
2022,12,4,England,Senegal,1,0.0,0,3.0,0,122,34,33,8,10,1,1260000000.0,26.4,15,12,7,9,3,1,0.0,0,82,33,33,6,13,0,228000000.0,26.1,2,1,1,1,0,0,1496.25,1504.0
2022,12,5,Japan,Croatia,1,1.0,1,1.0,0,127,40,39,11,8,0,154000000.0,27.8,6,3,3,0,0,0,1.0,0,82,64,24,14,11,0,377000000.0,27.4,5,2,2,2,2,1,1536.9,1503.97
2022,12,5,Brazil,South Korea,1,0.0,0,4.0,0,111,19,37,3,10,5,1140000000.0,27.9,21,19,11,15,10,6,1.0,0,95,38,34,7,12,0,164480000.0,27.8,10,2,2,1,1,0,1487.0,1500.0
2022,12,6,Morocco,Spain,1,0.0,1,0.0,0,89,30,32,6,12,0,241100000.0,26.2,5,1,1,0,0,0,0.0,0,115,38,31,6,14,1,877000000.0,25.3,15,10,8,5,1,1,1472.52,1528.65
2022,12,6,Portugal,Switzerland,1,0.0,0,6.0,0,108,34,30,7,12,0,937000000.0,26.8,7,4,3,2,2,0,1.0,0,90,57,22,15,13,0,281000000.0,27.0,11,7,6,3,0,0,1496.31,1504.0
2022,12,9,Croatia,Brazil,1,0.0,1,1.0,0,82,64,24,14,11,0,377000000.0,27.4,5,2,2,2,2,1,1.0,0,111,19,37,3,10,5,1140000000.0,27.9,21,19,11,15,10,6,1500.0,1513.0
2022,12,9,Netherlands,Argentina,1,1.0,1,2.0,0,111,44,30,7,11,0,587250000.0,26.6,10,8,6,5,5,3,2.0,0,98,27,33,4,13,2,645200000.0,27.8,17,14,9,9,5,5,1497.01,1511.04
2022,12,10,Morocco,Portugal,1,0.0,0,1.0,0,89,30,32,6,12,0,241100000.0,26.2,5,1,1,0,0,0,0.0,0,108,34,30,7,12,0,937000000.0,26.8,7,4,3,2,2,0,1488.0,1476.08
2022,12,10,England,France,1,1.0,0,1.0,0,122,34,33,8,10,1,1260000000.0,26.4,15,12,7,9,3,1,2.0,0,101,40,31,6,12,2,1030000000.0,26.5,15,9,7,8,6,3,1499.0,1525.0
2022,12,13,Argentina,Croatia,1,0.0,0,3.0,0,98,27,33,4,13,2,645200000.0,27.8,17,14,9,9,5,5,0.0,0,82,64,24,14,11,0,377000000.0,27.4,5,2,2,2,2,1,1489.28,1496.0
2022,12,14,France,Morocco,1,0.0,0,2.0,0,101,40,31,6,12,2,1030000000.0,26.5,15,9,7,8,6,3,0.0,0,89,30,32,6,12,0,241100000.0,26.2,5,1,1,0,0,0,1476.67,1507.0
2022,12,17,Croatia,Morocco,1,0.0,0,2.0,0,82,64,24,14,11,0,377000000.0,27.4,5,2,2,2,2,1,1.0,0,89,30,32,6,12,0,241100000.0,26.2,5,1,1,0,0,0,1524.0,1487.91
2022,12,18,Argentina,France,1,0.0,1,3.0,0,98,27,33,4,13,2,645200000.0,27.8,17,14,9,9,5,5,3.0,0,101,40,31,6,12,2,1030000000.0,26.5,15,9,7,8,6,3,1496.34,1490.84
2026,6,11,Mexico,South Africa,0,0.0,0,2.0,1,80,52,27,12,15,0,142100000.0,25.6,17,9,8,2,0,0,0.0,0,69,41,20,7,20,0,44450000.0,26.3,3,0,0,0,0,0,1476.0,1507.0
2026,6,11,South Korea,Czech Republic,0,0.0,0,2.0,0,76,36,21,6,12,0,118800000.0,27.5,11,3,3,1,1,0,1.0,0,66,38,18,6,11,0,115900000.0,27.1,9,4,3,4,2,2,1517.0,1489.33
2026,6,12,Canada,Bosnia and Herzegovina,0,2.0,0,1.0,1,59,40,18,8,15,0,21880000.0,24.6,2,0,0,0,0,0,1.0,0,38,55,9,16,6,0,117800000.0,26.9,1,0,0,0,0,0,1496.0,1492.55
2026,6,12,United States,Paraguay,0,0.0,0,4.0,1,101,60,26,17,9,0,169700000.0,26.0,11,7,6,2,1,0,1.0,0,29,33,11,12,9,0,123950000.0,28.3,8,4,4,1,0,0,1476.89,1488.0
2026,6,13,Qatar,Switzerland,0,2.0,0,1.0,0,74,70,19,16,13,0,18000000.0,27.8,1,0,0,0,0,0,1.0,0,71,40,15,6,16,0,251000000.0,27.5,12,8,7,3,0,0,1523.74,1479.97
2026,6,13,Brazil,Morocco,0,2.0,0,1.0,0,58,39,15,10,10,5,932000000.0,27.8,22,20,12,17,11,6,1.0,0,100,18,37,2,9,0,435550000.0,27.4,6,2,2,1,1,0,1520.55,1495.0
2026,6,13,Haiti,Scotland,0,1.0,0,0.0,0,71,37,16,8,8,0,38750000.0,27.6,1,0,0,0,0,0,1.0,0,51,52,14,15,6,0,211450000.0,29.1,8,0,0,0,0,0,1500.44,1540.41
2026,6,13,Australia,Turkey,0,0.0,0,2.0,0,69,26,22,8,6,0,32850000.0,27.5,6,2,2,0,0,0,0.0,0,65,51,21,10,6,0,508200000.0,27.0,2,1,1,1,1,0,1500.0,1477.62
2026,6,14,Germany,Curaçao,0,0.0,0,7.0,0,80,47,21,10,7,4,828000000.0,26.6,20,18,10,16,13,8,1.0,0,55,39,12,10,10,0,25380000.0,26.5,0,0,0,0,0,0,1486.0,1489.0
2026,6,14,Ivory Coast,Ecuador,0,0.0,0,1.0,0,79,29,27,8,8,0,370800000.0,26.6,3,0,0,0,0,0,0.0,0,39,23,16,6,15,0,349580000.0,25.2,4,1,1,0,0,0,1503.0,1484.0
2026,6,14,Netherlands,Japan,0,2.0,0,2.0,0,92,41,21,8,9,0,808000000.0,26.6,11,11,9,7,5,3,2.0,0,110,26,27,5,5,0,223500000.0,26.4,7,4,4,0,0,0,1500.0,1504.0
2026,6,14,Sweden,Tunisia,0,0.0,0,5.0,0,71,50,19,12,4,0,495980000.0,27.1,12,9,5,6,4,1,1.0,0,63,30,22,8,14,0,68450000.0,28.8,6,0,0,0,0,0,1499.73,1524.12
2026,6,15,Belgium,Egypt,0,2.0,0,1.0,0,80,32,19,7,10,0,442200000.0,27.1,14,9,8,3,2,0,1.0,0,75,33,25,5,15,0,136200000.0,28.9,3,1,1,0,0,0,1480.72,1477.0
2026,6,15,Iran,New Zealand,0,2.0,0,2.0,0,83,28,25,4,8,0,34250000.0,29.2,6,0,0,0,0,0,2.0,0,63,32,13,12,6,0,16430000.0,27.8,2,0,0,0,0,0,1496.98,1474.0
2026,6,15,Spain,Cape Verde,0,2.0,0,0.0,0,104,32,29,2,8,1,1150000000.0,27.2,16,11,9,6,2,1,0.0,0,46,39,16,10,12,0,31830000.0,29.2,0,0,0,0,0,0,1503.59,1544.0
2026,6,15,Saudi Arabia,Uruguay,0,2.0,0,1.0,0,64,59,22,20,12,0,21800000.0,27.1,6,1,1,0,0,0,1.0,0,54,30,16,7,16,2,419200000.0,26.6,14,10,5,7,5,1,1491.0,1482.27
2026,6,16,France,Senegal,0,0.0,0,3.0,0,85,32,25,6,7,2,1290000000.0,26.7,16,10,8,9,7,4,1.0,0,88,22,31,3,9,0,405900000.0,27.4,3,2,2,1,0,0,1506.61,1527.18
2026,6,16,Iraq,Norway,0,1.0,0,1.0,0,68,42,26,11,9,0,10700000.0,28.2,1,0,0,0,0,0,4.0,0,83,33,19,7,6,0,502900000.0,26.0,3,2,2,0,0,0,1500.0,1465.35
2026,6,16,Argentina,Algeria,0,0.0,0,3.0,0,80,14,30,4,3,3,575000000.0,27.9,18,15,10,10,6,6,0.0,0,104,34,32,4,11,0,229100000.0,26.4,4,1,1,0,0,0,1480.69,1494.69
2026,6,16,Austria,Jordan,0,0.0,0,3.0,0,81,30,23,6,7,0,231900000.0,28.0,7,4,1,2,2,0,1.0,0,85,63,22,15,12,0,9300000.0,28.5,0,0,0,0,0,0,1493.0,1500.0
2026,6,17,Portugal,DR Congo,0,2.0,0,1.0,0,98,31,26,5,7,0,841000000.0,27.1,8,5,4,3,2,0,1.0,0,53,24,23,8,12,0,134050000.0,28.1,1,0,0,0,0,0,1500.0,1500.0
2026,6,17,Uzbekistan,Colombia,0,1.0,0,1.0,0,64,29,22,4,14,0,14850000.0,25.6,0,0,0,0,0,0,3.0,0,73,35,22,7,11,0,285100000.0,29.3,6,3,3,1,0,0,1528.0,1531.0
2026,6,17,England,Croatia,0,0.0,0,4.0,0,82,23,26,6,7,1,1300000000.0,26.8,16,13,8,10,3,1,2.0,0,68,33,20,7,8,0,258500000.0,28.5,6,3,3,3,3,1,1544.0,1478.0
2026,6,17,Ghana,Panama,0,0.0,0,1.0,0,46,42,12,13,9,0,164900000.0,25.1,4,2,2,1,0,0,0.0,0,82,60,27,14,11,0,5300000.0,25.4,1,0,0,0,0,0,1493.06,1503.88
2026,6,18,Czech Republic,South Africa,0,2.0,0,1.0,0,66,38,18,6,11,0,115900000.0,27.1,9,4,3,4,2,2,1.0,0,69,41,20,7,20,0,44450000.0,26.3,3,0,0,0,0,0,1500.0,1466.0
2026,6,18,Mexico,South Korea,0,0.0,0,1.0,1,80,52,27,12,15,0,142100000.0,25.6,17,9,8,2,0,0,0.0,0,76,36,21,6,12,0,118800000.0,27.5,11,3,3,1,1,0,1484.0,1512.99
2026,6,18,Switzerland,Bosnia and Herzegovina,0,0.0,0,4.0,0,71,40,15,6,16,0,251000000.0,27.5,12,8,7,3,0,0,1.0,0,38,55,9,16,6,0,117800000.0,26.9,1,0,0,0,0,0,1491.0,1524.27
2026,6,18,Canada,Qatar,0,0.0,0,6.0,1,59,40,18,8,15,0,21880000.0,24.6,2,0,0,0,0,0,0.0,0,74,70,19,16,13,0,18000000.0,27.8,1,0,0,0,0,0,1484.54,1535.0
2026,6,19,Scotland,Morocco,0,1.0,0,0.0,0,51,52,14,15,6,0,211450000.0,29.1,8,0,0,0,0,0,1.0,0,100,18,37,2,9,0,435550000.0,27.4,6,2,2,1,1,0,1500.0,1500.23
2026,6,19,Brazil,Haiti,0,0.0,0,3.0,0,58,39,15,10,10,5,932000000.0,27.8,22,20,12,17,11,6,0.0,0,71,37,16,8,8,0,38750000.0,27.6,1,0,0,0,0,0,1500.0,1500.0
2026,6,19,United States,Australia,0,0.0,0,2.0,1,101,60,26,17,9,0,169700000.0,26.0,11,7,6,2,1,0,0.0,0,69,26,22,8,6,0,32850000.0,27.5,6,2,2,0,0,0,1500.0,1496.0
2026,6,19,Turkey,Paraguay,0,1.0,0,0.0,0,65,51,21,10,6,0,508200000.0,27.0,2,1,1,1,1,0,1.0,0,29,33,11,12,9,0,123950000.0,28.3,8,4,4,1,0,0,1496.0,1495.0
2026,6,20,Germany,Ivory Coast,0,0.0,0,2.0,0,80,47,21,10,7,4,828000000.0,26.6,20,18,10,16,13,8,1.0,0,79,29,27,8,8,0,370800000.0,26.6,3,0,0,0,0,0,1462.0,1547.28
2026,6,20,Ecuador,Curaçao,0,2.0,0,0.0,0,39,23,16,6,15,0,349580000.0,25.2,4,1,1,0,0,0,0.0,0,55,39,12,10,10,0,25380000.0,26.5,0,0,0,0,0,0,1500.0,1479.0
2026,6,20,Netherlands,Sweden,0,0.0,0,5.0,0,92,41,21,8,9,0,808000000.0,26.6,11,11,9,7,5,3,1.0,0,71,50,19,12,4,0,495980000.0,27.1,12,9,5,6,4,1,1496.0,1500.0
2026,6,20,Tunisia,Japan,0,1.0,0,0.0,0,63,30,22,8,14,0,68450000.0,28.8,6,0,0,0,0,0,4.0,0,110,26,27,5,5,0,223500000.0,26.4,7,4,4,0,0,0,1499.76,1493.14
2026,6,21,Belgium,Iran,0,2.0,0,0.0,0,80,32,19,7,10,0,442200000.0,27.1,14,9,8,3,2,0,0.0,0,83,28,25,4,8,0,34250000.0,29.2,6,0,0,0,0,0,1500.0,1475.0
2026,6,21,New Zealand,Egypt,0,1.0,0,1.0,0,63,32,13,12,6,0,16430000.0,27.8,2,0,0,0,0,0,3.0,0,75,33,25,5,15,0,136200000.0,28.9,3,1,1,0,0,0,1500.0,1503.01
2026,6,21,Spain,Saudi Arabia,0,0.0,0,4.0,0,104,32,29,2,8,1,1150000000.0,27.2,16,11,9,6,2,1,0.0,0,64,59,22,20,12,0,21800000.0,27.1,6,1,1,0,0,0,1503.75,1496.8
2026,6,21,Uruguay,Cape Verde,0,2.0,0,2.0,0,54,30,16,7,16,2,419200000.0,26.6,14,10,5,7,5,1,2.0,0,46,39,16,10,12,0,31830000.0,29.2,0,0,0,0,0,0,1503.78,1500.0
2026,6,22,France,Iraq,0,0.0,0,3.0,0,85,32,25,6,7,2,1290000000.0,26.7,16,10,8,9,7,4,0.0,0,68,42,26,11,9,0,10700000.0,28.2,1,0,0,0,0,0,1517.37,1478.63
2026,6,22,Norway,Senegal,0,0.0,0,3.0,0,83,33,19,7,6,0,502900000.0,26.0,3,2,2,0,0,0,2.0,0,88,22,31,3,9,0,405900000.0,27.4,3,2,2,1,0,0,1503.46,1466.0
2026,6,22,Argentina,Austria,0,0.0,0,2.0,0,80,14,30,4,3,3,575000000.0,27.9,18,15,10,10,6,6,0.0,0,81,30,23,6,7,0,231900000.0,28.0,7,4,1,2,2,0,1517.0,1462.0
2026,6,22,Jordan,Algeria,0,1.0,0,1.0,0,85,63,22,15,12,0,9300000.0,28.5,0,0,0,0,0,0,2.0,0,104,34,32,4,11,0,229100000.0,26.4,4,1,1,0,0,0,1489.0,1479.0
2026,6,23,Portugal,Uzbekistan,0,0.0,0,5.0,0,98,31,26,5,7,0,841000000.0,27.1,8,5,4,3,2,0,0.0,0,64,29,22,4,14,0,14850000.0,25.6,0,0,0,0,0,0,1547.0,1499.0
2026,6,23,Colombia,DR Congo,0,0.0,0,1.0,0,73,35,22,7,11,0,285100000.0,29.3,6,3,3,1,0,0,0.0,0,53,24,23,8,12,0,134050000.0,28.1,1,0,0,0,0,0,1486.02,1483.0
2026,6,23,England,Ghana,0,2.0,0,0.0,0,82,23,26,6,7,1,1300000000.0,26.8,16,13,8,10,3,1,0.0,0,46,42,12,13,9,0,164900000.0,25.1,4,2,2,1,0,0,1521.15,1515.0
2026,6,23,Panama,Croatia,0,1.0,0,0.0,0,82,60,27,14,11,0,5300000.0,25.4,1,0,0,0,0,0,1.0,0,68,33,20,7,8,0,258500000.0,28.5,6,3,3,3,3,1,1492.68,1496.07
2026,6,24,Mexico,Czech Republic,0,0.0,0,3.0,1,80,52,27,12,15,0,142100000.0,25.6,17,9,8,2,0,0,0.0,0,66,38,18,6,11,0,115900000.0,27.1,9,4,3,4,2,2,1446.0,1462.0
2026,6,24,South Africa,South Korea,0,0.0,0,1.0,0,69,41,20,7,20,0,44450000.0,26.3,3,0,0,0,0,0,0.0,0,76,36,21,6,12,0,118800000.0,27.5,11,3,3,1,1,0,1516.8,1533.57
2026,6,24,Canada,Switzerland,0,1.0,0,1.0,1,59,40,18,8,15,0,21880000.0,24.6,2,0,0,0,0,0,2.0,0,71,40,15,6,16,0,251000000.0,27.5,12,8,7,3,0,0,1475.0,1463.0
2026,6,24,Bosnia and Herzegovina,Qatar,0,0.0,0,3.0,0,38,55,9,16,6,0,117800000.0,26.9,1,0,0,0,0,0,1.0,0,74,70,19,16,13,0,18000000.0,27.8,1,0,0,0,0,0,1503.42,1503.44
2026,6,24,Scotland,Brazil,0,1.0,0,0.0,0,51,52,14,15,6,0,211450000.0,29.1,8,0,0,0,0,0,3.0,0,58,39,15,10,10,5,932000000.0,27.8,22,20,12,17,11,6,1499.0,1496.25
2026,6,24,Morocco,Haiti,0,0.0,0,4.0,0,100,18,37,2,9,0,435550000.0,27.4,6,2,2,1,1,0,2.0,0,71,37,16,8,8,0,38750000.0,27.6,1,0,0,0,0,0,1533.0,1466.0
2026,6,25,United States,Turkey,0,1.0,0,2.0,1,101,60,26,17,9,0,169700000.0,26.0,11,7,6,2,1,0,3.0,0,65,51,21,10,6,0,508200000.0,27.0,2,1,1,1,1,0,1532.66,1533.0
2026,6,25,Paraguay,Australia,0,2.0,0,0.0,0,29,33,11,12,9,0,123950000.0,28.3,8,4,4,1,0,0,0.0,0,69,26,22,8,6,0,32850000.0,27.5,6,2,2,0,0,0,1517.36,1444.0
2026,6,25,Curaçao,Ivory Coast,0,1.0,0,0.0,0,55,39,12,10,10,0,25380000.0,26.5,0,0,0,0,0,0,2.0,0,79,29,27,8,8,0,370800000.0,26.6,3,0,0,0,0,0,1503.77,1550.41
2026,6,25,Ecuador,Germany,0,0.0,0,2.0,0,39,23,16,6,15,0,349580000.0,25.2,4,1,1,0,0,0,1.0,0,80,47,21,10,7,4,828000000.0,26.6,20,18,10,16,13,8,1496.0,1462.61
2026,6,25,Japan,Sweden,0,2.0,0,1.0,0,110,26,27,5,5,0,223500000.0,26.4,7,4,4,0,0,0,1.0,0,71,50,19,12,4,0,495980000.0,27.1,12,9,5,6,4,1,1478.66,1506.94
2026,6,25,Tunisia,Netherlands,0,1.0,0,1.0,0,63,30,22,8,14,0,68450000.0,28.8,6,0,0,0,0,0,3.0,0,92,41,21,8,9,0,808000000.0,26.6,11,11,9,7,5,3,1459.0,1492.0
2026,6,26,Egypt,Iran,0,2.0,0,1.0,0,75,33,25,5,15,0,136200000.0,28.9,3,1,1,0,0,0,1.0,0,83,28,25,4,8,0,34250000.0,29.2,6,0,0,0,0,0,1500.35,1463.0
2026,6,26,New Zealand,Belgium,0,1.0,0,1.0,0,63,32,13,12,6,0,16430000.0,27.8,2,0,0,0,0,0,5.0,0,80,32,19,7,10,0,442200000.0,27.1,14,9,8,3,2,0,1488.0,1510.0
2026,6,26,Cape Verde,Saudi Arabia,0,2.0,0,0.0,0,46,39,16,10,12,0,31830000.0,29.2,0,0,0,0,0,0,0.0,0,64,59,22,20,12,0,21800000.0,27.1,6,1,1,0,0,0,1462.99,1496.45
2026,6,26,Uruguay,Spain,0,1.0,0,0.0,0,54,30,16,7,16,2,419200000.0,26.6,14,10,5,7,5,1,1.0,0,104,32,29,2,8,1,1150000000.0,27.2,16,11,9,6,2,1,1532.41,1530.76
2026,6,26,Norway,France,0,1.0,0,1.0,0,83,33,19,7,6,0,502900000.0,26.0,3,2,2,0,0,0,4.0,0,85,32,25,6,7,2,1290000000.0,26.7,16,10,8,9,7,4,1495.0,1512.5
2026,6,26,Senegal,Iraq,0,0.0,0,5.0,0,88,22,31,3,9,0,405900000.0,27.4,3,2,2,1,0,0,0.0,0,68,42,26,11,9,0,10700000.0,28.2,1,0,0,0,0,0,1550.0,1503.0
2026,6,27,Algeria,Austria,0,2.0,0,3.0,0,104,34,32,4,11,0,229100000.0,26.4,4,1,1,0,0,0,3.0,0,81,30,23,6,7,0,231900000.0,28.0,7,4,1,2,2,0,1500.0,1503.5
2026,6,27,Jordan,Argentina,0,1.0,0,1.0,0,85,63,22,15,12,0,9300000.0,28.5,0,0,0,0,0,0,3.0,0,80,14,30,4,3,3,575000000.0,27.9,18,15,10,10,6,6,1554.0,1496.0
2026,6,27,Colombia,Portugal,0,2.0,0,0.0,0,73,35,22,7,11,0,285100000.0,29.3,6,3,3,1,0,0,0.0,0,98,31,26,5,7,0,841000000.0,27.1,8,5,4,3,2,0,1500.0,1486.48
2026,6,27,DR Congo,Uzbekistan,0,0.0,0,3.0,0,53,24,23,8,12,0,134050000.0,28.1,1,0,0,0,0,0,1.0,0,64,29,22,4,14,0,14850000.0,25.6,0,0,0,0,0,0,1500.0,1504.0
2026,6,27,Panama,England,0,1.0,0,0.0,0,82,60,27,14,11,0,5300000.0,25.4,1,0,0,0,0,0,2.0,0,82,23,26,6,7,1,1300000000.0,26.8,16,13,8,10,3,1,1530.93,1513.0
2026,6,27,Croatia,Ghana,0,0.0,0,2.0,0,68,33,20,7,8,0,258500000.0,28.5,6,3,3,3,3,1,1.0,0,46,42,12,13,9,0,164900000.0,25.1,4,2,2,1,0,0,1495.13,1511.0
2026,6,28,South Africa,Canada,1,1.0,0,0.0,0,69,41,20,7,20,0,44450000.0,26.3,3,0,0,0,0,0,1.0,1,59,40,18,8,15,0,21880000.0,24.6,2,0,0,0,0,0,1549.85,1522.0
2026,6,29,Brazil,Japan,1,0.0,0,2.0,0,58,39,15,10,10,5,932000000.0,27.8,22,20,12,17,11,6,1.0,0,110,26,27,5,5,0,223500000.0,26.4,7,4,4,0,0,0,1510.0,1500.0
2026,6,29,Germany,Paraguay,1,1.0,1,1.0,0,80,47,21,10,7,4,828000000.0,26.6,20,18,10,16,13,8,1.0,0,29,33,11,12,9,0,123950000.0,28.3,8,4,4,1,0,0,1496.42,1500.0
2026,6,29,Netherlands,Morocco,1,1.0,1,1.0,0,92,41,21,8,9,0,808000000.0,26.6,11,11,9,7,5,3,1.0,0,100,18,37,2,9,0,435550000.0,27.4,6,2,2,1,1,0,1496.37,1500.0
2026,6,30,Ivory Coast,Norway,1,1.0,0,1.0,0,79,29,27,8,8,0,370800000.0,26.6,3,0,0,0,0,0,2.0,0,83,33,19,7,6,0,502900000.0,26.0,3,2,2,0,0,0,1500.0,1500.0
2026,6,30,France,Sweden,1,0.0,0,3.0,0,85,32,25,6,7,2,1290000000.0,26.7,16,10,8,9,7,4,0.0,0,71,50,19,12,4,0,495980000.0,27.1,12,9,5,6,4,1,1500.0,1500.0
2026,6,30,Mexico,Ecuador,1,0.0,0,2.0,1,80,52,27,12,15,0,142100000.0,25.6,17,9,8,2,0,0,0.0,0,39,23,16,6,15,0,349580000.0,25.2,4,1,1,0,0,0,1496.0,1492.7
2026,7,1,England,DR Congo,1,0.0,0,2.0,0,82,23,26,6,7,1,1300000000.0,26.8,16,13,8,10,3,1,1.0,0,53,24,23,8,12,0,134050000.0,28.1,1,0,0,0,0,0,1500.74,1537.0
2026,7,1,Belgium,Senegal,1,0.0,0,3.0,0,80,32,19,7,10,0,442200000.0,27.1,14,9,8,3,2,0,2.0,0,88,22,31,3,9,0,405900000.0,27.4,3,2,2,1,0,0,1504.0,1500.15
2026,7,1,United States,Bosnia and Herzegovina,1,0.0,0,2.0,1,101,60,26,17,9,0,169700000.0,26.0,11,7,6,2,1,0,0.0,0,38,55,9,16,6,0,117800000.0,26.9,1,0,0,0,0,0,1503.75,1503.75
2026,7,2,Spain,Austria,1,0.0,0,3.0,0,104,32,29,2,8,1,1150000000.0,27.2,16,11,9,6,2,1,0.0,0,81,30,23,6,7,0,231900000.0,28.0,7,4,1,2,2,0,1496.0,1496.0
2026,7,2,Portugal,Croatia,1,0.0,0,2.0,0,98,31,26,5,7,0,841000000.0,27.1,8,5,4,3,2,0,1.0,0,68,33,20,7,8,0,258500000.0,28.5,6,3,3,3,3,1,1496.0,1496.0
2026,7,2,Switzerland,Algeria,1,0.0,0,2.0,0,71,40,15,6,16,0,251000000.0,27.5,12,8,7,3,0,0,0.0,0,104,34,32,4,11,0,229100000.0,26.4,4,1,1,0,0,0,1492.23,1507.72
2026,7,3,Australia,Egypt,1,1.0,1,1.0,0,69,26,22,8,6,0,32850000.0,27.5,6,2,2,0,0,0,1.0,0,75,33,25,5,15,0,136200000.0,28.9,3,1,1,0,0,0,1507.5,1492.0
2026,7,3,Argentina,Cape Verde,1,0.0,0,3.0,0,80,14,30,4,3,3,575000000.0,27.9,18,15,10,10,6,6,2.0,0,46,39,16,10,12,0,31830000.0,29.2,0,0,0,0,0,0,1499.75,1500.0
2026,7,3,Colombia,Ghana,1,0.0,0,1.0,0,73,35,22,7,11,0,285100000.0,29.3,6,3,3,1,0,0,0.0,0,46,42,12,13,9,0,164900000.0,25.1,4,2,2,1,0,0,1496.0,1500.0
2026,7,4,Canada,Morocco,1,1.0,0,0.0,1,59,40,18,8,15,0,21880000.0,24.6,2,0,0,0,0,0,3.0,0,100,18,37,2,9,0,435550000.0,27.4,6,2,2,1,1,0,1511.14,1496.0
2026,7,4,Paraguay,France,1,1.0,0,0.0,0,29,33,11,12,9,0,123950000.0,28.3,8,4,4,1,0,0,1.0,0,85,32,25,6,7,2,1290000000.0,26.7,16,10,8,9,7,4,1511.0,1504.0
2026,7,5,Brazil,Norway,1,1.0,0,1.0,0,58,39,15,10,10,5,932000000.0,27.8,22,20,12,17,11,6,2.0,0,83,33,19,7,6,0,502900000.0,26.0,3,2,2,0,0,0,1503.75,1496.0
2026,7,5,Mexico,England,1,1.0,0,2.0,1,80,52,27,12,15,0,142100000.0,25.6,17,9,8,2,0,0,3.0,0,82,23,26,6,7,1,1300000000.0,26.8,16,13,8,10,3,1,1496.03,1500.0
2026,7,6,Portugal,Spain,1,1.0,0,0.0,0,98,31,26,5,7,0,841000000.0,27.1,8,5,4,3,2,0,1.0,0,104,32,29,2,8,1,1150000000.0,27.2,16,11,9,6,2,1,1507.2,1492.0
2026,7,6,United States,Belgium,1,1.0,0,1.0,1,101,60,26,17,9,0,169700000.0,26.0,11,7,6,2,1,0,4.0,0,80,32,19,7,10,0,442200000.0,27.1,14,9,8,3,2,0,1514.78,1508.0
2026,7,7,Argentina,Egypt,1,0.0,0,3.0,0,80,14,30,4,3,3,575000000.0,27.9,18,15,10,10,6,6,2.0,0,75,33,25,5,15,0,136200000.0,28.9,3,1,1,0,0,0,1520.0,1524.1
2026,7,7,Switzerland,Colombia,1,0.0,1,0.0,0,71,40,15,6,16,0,251000000.0,27.5,12,8,7,3,0,0,0.0,0,73,35,22,7,11,0,285100000.0,29.3,6,3,3,1,0,0,1504.75,1482.0
2026,7,9,France,Morocco,1,0.0,0,2.0,0,85,32,25,6,7,2,1290000000.0,26.7,16,10,8,9,7,4,0.0,0,100,18,37,2,9,0,435550000.0,27.4,6,2,2,1,1,0,1496.0,1513.0
2026,7,10,Spain,Belgium,1,0.0,0,2.0,0,104,32,29,2,8,1,1150000000.0,27.2,16,11,9,6,2,1,1.0,0,80,32,19,7,10,0,442200000.0,27.1,14,9,8,3,2,0,1492.24,1530.0
2026,7,11,Norway,England,1,1.0,0,1.0,0,83,33,19,7,6,0,502900000.0,26.0,3,2,2,0,0,0,2.0,0,82,23,26,6,7,1,1300000000.0,26.8,16,13,8,10,3,1,1503.75,1530.0
2026,7,12,Argentina,Switzerland,1,0.0,0,3.0,0,80,14,30,4,3,3,575000000.0,27.9,18,15,10,10,6,6,1.0,0,71,40,15,6,16,0,251000000.0,27.5,12,8,7,3,0,0,1496.35,1482.0
